Plot_ID;Plot;Type;System;Position;Depth;Species;Wet_Weight;Dry_Weight;Ratio;Productivity 
01_IC_OA_M;1;OA;PO;M;10;Herba;0;0;;0,0000
01_IC_OA_M;1;OA;PO;M;10;Herba;0;0;;0,0000
01_IC_OA_M;1;OA;PO;M;10;Herba;0,0012;0,0003;0,250;0,0031
01_IC_OA_M;1;OA;PO;M;10;Herba;0,0018;0,0004;0,222;0,0042
01_IC_OA_M;1;OA;PO;M;10;Herba;0,0067;0,0019;0,284;0,0197
01_IC_OA_M;1;OA;PO;M;10;Herba;0,0136;0,0023;0,169;0,0239
01_IC_OA_M;1;OA;PO;M;10;Herba;0,0125;0,0025;0,200;0,0260
01_IC_OA_M;1;OA;PO;M;10;Herba;0,0291;0,0064;0,220;0,0665
01_IC_OA_M;1;OA;PO;M;10;Herba;0,061;0,0121;0,198;0,1258
01_IC_OA_M;1;OA;PO;M;10;Herba;0,0765;0,0134;0,175;0,1393
01_IC_OA_M;1;OA;PO;M;10;Herba;0,139;0,0221;0,159;0,2297
01_IC_OA_M;1;OA;PO;M;10;Herba;0,2605;0,0277;0,106;0,2879
01_IC_OA_M;1;OA;PO;M;10;Oil Palm;0;0;;0,0000
01_IC_OA_M;1;OA;PO;M;10;Oil Palm;0,0037;0,0019;0,514;0,0197
01_IC_OA_M;1;OA;PO;M;10;Oil Palm;0,0048;0,0022;0,458;0,0229
01_IC_OA_M;1;OA;PO;M;10;Oil Palm;0,0333;0,0061;0,183;0,0634
01_IC_OA_M;1;OA;PO;M;10;Oil Palm;0,0225;0,0079;0,351;0,0821
01_IC_OA_M;1;OA;PO;M;10;Oil Palm;0,0294;0,01;0,340;0,1039
01_IC_OA_M;1;OA;PO;M;10;Oil Palm;0,0328;0,0113;0,345;0,1174
01_IC_OA_M;1;OA;PO;M;10;Oil Palm;0,0422;0,0121;0,287;0,1258
01_IC_OA_M;1;OA;PO;M;10;Oil Palm;0,0447;0,0131;0,293;0,1362
01_IC_OA_M;1;OA;PO;M;10;Oil Palm;0,089;0,0223;0,251;0,2318
01_IC_OA_M;1;OA;PO;M;10;Oil Palm;0,2601;0,0708;0,272;0,7359
01_IC_OA_M;1;OA;PO;M;10;Oil Palm;0,3831;0,1009;0,263;1,0487
01_IC_OA_M;1;OA;PO;M;10;Tree;0;0;;0,0000
01_IC_OA_M;1;OA;PO;M;10;Tree;0;0;;0,0000
01_IC_OA_M;1;OA;PO;M;10;Tree;0;0;;0,0000
01_IC_OA_M;1;OA;PO;M;10;Tree;0;0;;0,0000
01_IC_OA_M;1;OA;PO;M;10;Tree;0;0;;0,0000
01_IC_OA_M;1;OA;PO;M;10;Tree;0,0039;0,0005;0,128;0,0052
01_IC_OA_M;1;OA;PO;M;10;Tree;0,0309;0,0069;0,223;0,0717
01_IC_OA_M;1;OA;PO;M;10;Tree;0,025;0,0073;0,292;0,0759
01_IC_OA_M;1;OA;PO;M;10;Tree;0,035;0,0106;0,303;0,1102
01_IC_OA_M;1;OA;PO;M;10;Tree;0,0639;0,0138;0,216;0,1434
01_IC_OA_M;1;OA;PO;M;10;Tree;0,0683;0,0145;0,212;0,1507
01_IC_OA_M;1;OA;PO;M;10;Tree;0,1433;0,0195;0,136;0,2027
01_IC_OA_M;1;OA;PO;M;30;Herba;0;0;;0,0000
01_IC_OA_M;1;OA;PO;M;30;Herba;0;0;;0,0000
01_IC_OA_M;1;OA;PO;M;30;Herba;0;0;;0,0000
01_IC_OA_M;1;OA;PO;M;30;Herba;0;0;;0,0000
01_IC_OA_M;1;OA;PO;M;30;Herba;0,0009;0,0001;0,111;0,0010
01_IC_OA_M;1;OA;PO;M;30;Herba;0,001;0,0001;0,100;0,0010
01_IC_OA_M;1;OA;PO;M;30;Herba;0,0028;0,0005;0,179;0,0052
01_IC_OA_M;1;OA;PO;M;30;Herba;0,0123;0,0017;0,138;0,0177
01_IC_OA_M;1;OA;PO;M;30;Herba;0,0052;0,0023;0,442;0,0239
01_IC_OA_M;1;OA;PO;M;30;Herba;0,0245;0,0045;0,184;0,0468
01_IC_OA_M;1;OA;PO;M;30;Herba;0,0209;0,0053;0,254;0,0551
01_IC_OA_M;1;OA;PO;M;30;Herba;0,1545;0,0246;0,159;0,2557
01_IC_OA_M;1;OA;PO;M;30;Oil Palm;0,0067;0,0029;0,433;0,0301
01_IC_OA_M;1;OA;PO;M;30;Oil Palm;0,0101;0,005;0,495;0,0520
01_IC_OA_M;1;OA;PO;M;30;Oil Palm;0,014;0,0059;0,421;0,0613
01_IC_OA_M;1;OA;PO;M;30;Oil Palm;0,0204;0,0077;0,377;0,0800
01_IC_OA_M;1;OA;PO;M;30;Oil Palm;0,0342;0,0122;0,357;0,1268
01_IC_OA_M;1;OA;PO;M;30;Oil Palm;0,0408;0,0136;0,333;0,1414
01_IC_OA_M;1;OA;PO;M;30;Oil Palm;0,073;0,015;0,205;0,1559
01_IC_OA_M;1;OA;PO;M;30;Oil Palm;0,0548;0,0154;0,281;0,1601
01_IC_OA_M;1;OA;PO;M;30;Oil Palm;0,1141;0,0317;0,278;0,3295
01_IC_OA_M;1;OA;PO;M;30;Oil Palm;0,1313;0,0381;0,290;0,3960
01_IC_OA_M;1;OA;PO;M;30;Oil Palm;0,205;0,0478;0,233;0,4968
01_IC_OA_M;1;OA;PO;M;30;Oil Palm;0,9663;0,2525;0,261;2,6244
01_IC_OA_M;1;OA;PO;M;30;Tree;0;0;;0,0000
01_IC_OA_M;1;OA;PO;M;30;Tree;0;0;;0,0000
01_IC_OA_M;1;OA;PO;M;30;Tree;0;0;;0,0000
01_IC_OA_M;1;OA;PO;M;30;Tree;0;0;;0,0000
01_IC_OA_M;1;OA;PO;M;30;Tree;0;0;;0,0000
01_IC_OA_M;1;OA;PO;M;30;Tree;0,002;0,0003;0,150;0,0031
01_IC_OA_M;1;OA;PO;M;30;Tree;0,008;0,0018;0,225;0,0187
01_IC_OA_M;1;OA;PO;M;30;Tree;0,0175;0,0043;0,246;0,0447
01_IC_OA_M;1;OA;PO;M;30;Tree;0,0202;0,0054;0,267;0,0561
01_IC_OA_M;1;OA;PO;M;30;Tree;0,0683;0,0145;0,212;0,1507
01_IC_OA_M;1;OA;PO;M;30;Tree;0,067;0,015;0,224;0,1559
01_IC_OA_M;1;OA;PO;M;30;Tree;0,0947;0,0387;0,409;0,4022
01_IC_OA_O;1;OA;PO;O;10;Herba;0;0;;0,0000
01_IC_OA_O;1;OA;PO;O;10;Herba;0,0003;0,0001;0,333;0,0010
01_IC_OA_O;1;OA;PO;O;10;Herba;0,0039;0,0005;0,128;0,0052
01_IC_OA_O;1;OA;PO;O;10;Herba;0,0085;0,0012;0,141;0,0125
01_IC_OA_O;1;OA;PO;O;10;Herba;0,0079;0,0014;0,177;0,0146
01_IC_OA_O;1;OA;PO;O;10;Herba;0,0081;0,0015;0,185;0,0156
01_IC_OA_O;1;OA;PO;O;10;Herba;0,0156;0,0026;0,167;0,0270
01_IC_OA_O;1;OA;PO;O;10;Herba;0,0137;0,003;0,219;0,0312
01_IC_OA_O;1;OA;PO;O;10;Herba;0,0075;0,0036;0,480;0,0374
01_IC_OA_O;1;OA;PO;O;10;Herba;0,0346;0,0041;0,118;0,0426
01_IC_OA_O;1;OA;PO;O;10;Herba;0,082;0,0141;0,172;0,1466
01_IC_OA_O;1;OA;PO;O;10;Herba;0,0491;0,0162;0,330;0,1684
01_IC_OA_O;1;OA;PO;O;10;Oil Palm;0,0103;0,004;0,388;0,0416
01_IC_OA_O;1;OA;PO;O;10;Oil Palm;0,0218;0,0063;0,289;0,0655
01_IC_OA_O;1;OA;PO;O;10;Oil Palm;0,0277;0,0074;0,267;0,0769
01_IC_OA_O;1;OA;PO;O;10;Oil Palm;0,0321;0,0107;0,333;0,1112
01_IC_OA_O;1;OA;PO;O;10;Oil Palm;0,0522;0,0147;0,282;0,1528
01_IC_OA_O;1;OA;PO;O;10;Oil Palm;0,0568;0,0163;0,287;0,1694
01_IC_OA_O;1;OA;PO;O;10;Oil Palm;0,09;0,0257;0,286;0,2671
01_IC_OA_O;1;OA;PO;O;10;Oil Palm;0,1308;0,0353;0,270;0,3669
01_IC_OA_O;1;OA;PO;O;10;Oil Palm;0,1237;0,04;0,323;0,4158
01_IC_OA_O;1;OA;PO;O;10;Oil Palm;0,1675;0,0429;0,256;0,4459
01_IC_OA_O;1;OA;PO;O;10;Oil Palm;0,201;0,047;0,234;0,4885
01_IC_OA_O;1;OA;PO;O;10;Oil Palm;1,329;0,246;0,185;2,5569
01_IC_OA_O;1;OA;PO;O;10;Tree;0;0;;0,0000
01_IC_OA_O;1;OA;PO;O;10;Tree;0;0;;0,0000
01_IC_OA_O;1;OA;PO;O;10;Tree;0;0;;0,0000
01_IC_OA_O;1;OA;PO;O;10;Tree;0;0;;0,0000
01_IC_OA_O;1;OA;PO;O;10;Tree;0;0;;0,0000
01_IC_OA_O;1;OA;PO;O;10;Tree;0;0;;0,0000
01_IC_OA_O;1;OA;PO;O;10;Tree;0,0053;0,0021;0,396;0,0218
01_IC_OA_O;1;OA;PO;O;10;Tree;0,0118;0,0024;0,203;0,0249
01_IC_OA_O;1;OA;PO;O;10;Tree;0,0278;0,0058;0,209;0,0603
01_IC_OA_O;1;OA;PO;O;10;Tree;0,0348;0,0086;0,247;0,0894
01_IC_OA_O;1;OA;PO;O;10;Tree;0,0564;0,0101;0,179;0,1050
01_IC_OA_O;1;OA;PO;O;10;Tree;0,057;0,0133;0,233;0,1382
01_IC_OA_O;1;OA;PO;O;30;Herba;0;0;;0,0000
01_IC_OA_O;1;OA;PO;O;30;Herba;0;0;;0,0000
01_IC_OA_O;1;OA;PO;O;30;Herba;0;0;;0,0000
01_IC_OA_O;1;OA;PO;O;30;Herba;0;0;;0,0000
01_IC_OA_O;1;OA;PO;O;30;Herba;0;0;;0,0000
01_IC_OA_O;1;OA;PO;O;30;Herba;0,0011;0,0001;0,091;0,0010
01_IC_OA_O;1;OA;PO;O;30;Herba;0,0012;0,0002;0,167;0,0021
01_IC_OA_O;1;OA;PO;O;30;Herba;0,0023;0,0006;0,261;0,0062
01_IC_OA_O;1;OA;PO;O;30;Herba;0,0026;0,0006;0,231;0,0062
01_IC_OA_O;1;OA;PO;O;30;Herba;0,0142;0,002;0,141;0,0208
01_IC_OA_O;1;OA;PO;O;30;Herba;0,009;0,0026;0,289;0,0270
01_IC_OA_O;1;OA;PO;O;30;Herba;0,0108;0,0026;0,241;0,0270
01_IC_OA_O;1;OA;PO;O;30;Oil Palm;0;0;;0,0000
01_IC_OA_O;1;OA;PO;O;30;Oil Palm;0,0135;0,0038;0,281;0,0395
01_IC_OA_O;1;OA;PO;O;30;Oil Palm;0,0263;0,0089;0,338;0,0925
01_IC_OA_O;1;OA;PO;O;30;Oil Palm;0,0366;0,014;0,383;0,1455
01_IC_OA_O;1;OA;PO;O;30;Oil Palm;0,0826;0,0197;0,238;0,2048
01_IC_OA_O;1;OA;PO;O;30;Oil Palm;0,0754;0,0233;0,309;0,2422
01_IC_OA_O;1;OA;PO;O;30;Oil Palm;0,2248;0,0557;0,248;0,5789
01_IC_OA_O;1;OA;PO;O;30;Oil Palm;0,2818;0,0864;0,307;0,8980
01_IC_OA_O;1;OA;PO;O;30;Oil Palm;0,4198;0,0935;0,223;0,9718
01_IC_OA_O;1;OA;PO;O;30;Oil Palm;0,564;0,118;0,209;1,2265
01_IC_OA_O;1;OA;PO;O;30;Oil Palm;0,5703;0,1283;0,225;1,3335
01_IC_OA_O;1;OA;PO;O;30;Oil Palm;0,561;0,1485;0,265;1,5435
01_IC_OA_O;1;OA;PO;O;30;Tree;0;0;;0,0000
01_IC_OA_O;1;OA;PO;O;30;Tree;0;0;;0,0000
01_IC_OA_O;1;OA;PO;O;30;Tree;0;0;;0,0000
01_IC_OA_O;1;OA;PO;O;30;Tree;0;0;;0,0000
01_IC_OA_O;1;OA;PO;O;30;Tree;0;0;;0,0000
01_IC_OA_O;1;OA;PO;O;30;Tree;0;0;;0,0000
01_IC_OA_O;1;OA;PO;O;30;Tree;0,0062;0,0016;0,258;0,0166
01_IC_OA_O;1;OA;PO;O;30;Tree;0,0122;0,0021;0,172;0,0218
01_IC_OA_O;1;OA;PO;O;30;Tree;0,1074;0,0155;0,144;0,1611
01_IC_OA_O;1;OA;PO;O;30;Tree;0,0721;0,0162;0,225;0,1684
01_IC_OA_O;1;OA;PO;O;30;Tree;0,0702;0,0165;0,235;0,1715
01_IC_OA_O;1;OA;PO;O;30;Tree;0,193;0,0295;0,153;0,3066
01_IC_OA_T;1;OA;PO;T;10;Herba;0;0;;0,0000
01_IC_OA_T;1;OA;PO;T;10;Herba;0;0;;0,0000
01_IC_OA_T;1;OA;PO;T;10;Herba;0;0;;0,0000
01_IC_OA_T;1;OA;PO;T;10;Herba;0;0;;0,0000
01_IC_OA_T;1;OA;PO;T;10;Herba;0;0;;0,0000
01_IC_OA_T;1;OA;PO;T;10;Herba;0;0;;0,0000
01_IC_OA_T;1;OA;PO;T;10;Herba;0,0006;0,0001;0,167;0,0010
01_IC_OA_T;1;OA;PO;T;10;Herba;0,0023;0,0006;0,261;0,0062
01_IC_OA_T;1;OA;PO;T;10;Herba;0,0051;0,001;0,196;0,0104
01_IC_OA_T;1;OA;PO;T;10;Herba;0,014;0,0042;0,300;0,0437
01_IC_OA_T;1;OA;PO;T;10;Herba;0,0192;0,0048;0,250;0,0499
01_IC_OA_T;1;OA;PO;T;10;Herba;0,049;0,0063;0,129;0,0655
01_IC_OA_T;1;OA;PO;T;10;Oil Palm;0;0;;0,0000
01_IC_OA_T;1;OA;PO;T;10;Oil Palm;0;0;;0,0000
01_IC_OA_T;1;OA;PO;T;10;Oil Palm;0;0;;0,0000
01_IC_OA_T;1;OA;PO;T;10;Oil Palm;0,004;0,0004;0,100;0,0042
01_IC_OA_T;1;OA;PO;T;10;Oil Palm;0,0062;0,0021;0,339;0,0218
01_IC_OA_T;1;OA;PO;T;10;Oil Palm;0,0094;0,0026;0,277;0,0270
01_IC_OA_T;1;OA;PO;T;10;Oil Palm;0,0249;0,006;0,241;0,0624
01_IC_OA_T;1;OA;PO;T;10;Oil Palm;0,0176;0,0065;0,369;0,0676
01_IC_OA_T;1;OA;PO;T;10;Oil Palm;0,0765;0,0187;0,244;0,1944
01_IC_OA_T;1;OA;PO;T;10;Oil Palm;0,106;0,0288;0,272;0,2993
01_IC_OA_T;1;OA;PO;T;10;Oil Palm;0,1163;0,0319;0,274;0,3316
01_IC_OA_T;1;OA;PO;T;10;Oil Palm;0,3868;0,11;0,284;1,1433
01_IC_OA_T;1;OA;PO;T;10;Tree;0;0;;0,0000
01_IC_OA_T;1;OA;PO;T;10;Tree;0;0;;0,0000
01_IC_OA_T;1;OA;PO;T;10;Tree;0;0;;0,0000
01_IC_OA_T;1;OA;PO;T;10;Tree;0;0;;0,0000
01_IC_OA_T;1;OA;PO;T;10;Tree;0,0175;0,0029;0,166;0,0301
01_IC_OA_T;1;OA;PO;T;10;Tree;0,0278;0,0047;0,169;0,0489
01_IC_OA_T;1;OA;PO;T;10;Tree;0,0242;0,0052;0,215;0,0540
01_IC_OA_T;1;OA;PO;T;10;Tree;0,0469;0,0074;0,158;0,0769
01_IC_OA_T;1;OA;PO;T;10;Tree;0,0548;0,0139;0,254;0,1445
01_IC_OA_T;1;OA;PO;T;10;Tree;0,1338;0,0227;0,170;0,2359
01_IC_OA_T;1;OA;PO;T;10;Tree;0,2906;0,0337;0,116;0,3503
01_IC_OA_T;1;OA;PO;T;10;Tree;0,1808;0,0362;0,200;0,3763
01_IC_OA_T;1;OA;PO;T;30;Herba;0;0;;0,0000
01_IC_OA_T;1;OA;PO;T;30;Herba;0;0;;0,0000
01_IC_OA_T;1;OA;PO;T;30;Herba;0;0;;0,0000
01_IC_OA_T;1;OA;PO;T;30;Herba;0;0;;0,0000
01_IC_OA_T;1;OA;PO;T;30;Herba;0;0;;0,0000
01_IC_OA_T;1;OA;PO;T;30;Herba;0;0;;0,0000
01_IC_OA_T;1;OA;PO;T;30;Herba;0;0;;0,0000
01_IC_OA_T;1;OA;PO;T;30;Herba;0;0;;0,0000
01_IC_OA_T;1;OA;PO;T;30;Herba;0,0003;0,0001;0,333;0,0010
01_IC_OA_T;1;OA;PO;T;30;Herba;0,0075;0,0016;0,213;0,0166
01_IC_OA_T;1;OA;PO;T;30;Herba;0,0089;0,0024;0,270;0,0249
01_IC_OA_T;1;OA;PO;T;30;Herba;0,0222;0,005;0,225;0,0520
01_IC_OA_T;1;OA;PO;T;30;Oil Palm;0;0;;0,0000
01_IC_OA_T;1;OA;PO;T;30;Oil Palm;0;0;;0,0000
01_IC_OA_T;1;OA;PO;T;30;Oil Palm;0,008;0,003;0,375;0,0312
01_IC_OA_T;1;OA;PO;T;30;Oil Palm;0,006;0,0032;0,533;0,0333
01_IC_OA_T;1;OA;PO;T;30;Oil Palm;0,0109;0,0034;0,312;0,0353
01_IC_OA_T;1;OA;PO;T;30;Oil Palm;0,0111;0,004;0,360;0,0416
01_IC_OA_T;1;OA;PO;T;30;Oil Palm;0,0133;0,0053;0,398;0,0551
01_IC_OA_T;1;OA;PO;T;30;Oil Palm;0,0508;0,0121;0,238;0,1258
01_IC_OA_T;1;OA;PO;T;30;Oil Palm;0,0753;0,0212;0,282;0,2203
01_IC_OA_T;1;OA;PO;T;30;Oil Palm;0,1528;0,0471;0,308;0,4895
01_IC_OA_T;1;OA;PO;T;30;Oil Palm;0,1967;0,0549;0,279;0,5706
01_IC_OA_T;1;OA;PO;T;30;Oil Palm;0,3936;0,102;0,259;1,0602
01_IC_OA_T;1;OA;PO;T;30;Tree;0;0;;0,0000
01_IC_OA_T;1;OA;PO;T;30;Tree;0;0;;0,0000
01_IC_OA_T;1;OA;PO;T;30;Tree;0,0075;0,0014;0,187;0,0146
01_IC_OA_T;1;OA;PO;T;30;Tree;0,0044;0,002;0,455;0,0208
01_IC_OA_T;1;OA;PO;T;30;Tree;0,0063;0,002;0,317;0,0208
01_IC_OA_T;1;OA;PO;T;30;Tree;0,0045;0,0022;0,489;0,0229
01_IC_OA_T;1;OA;PO;T;30;Tree;0,0127;0,0028;0,220;0,0291
01_IC_OA_T;1;OA;PO;T;30;Tree;0,0177;0,0042;0,237;0,0437
01_IC_OA_T;1;OA;PO;T;30;Tree;0,0395;0,0065;0,165;0,0676
01_IC_OA_T;1;OA;PO;T;30;Tree;0,0305;0,0073;0,239;0,0759
01_IC_OA_T;1;OA;PO;T;30;Tree;0,0555;0,0124;0,223;0,1289
01_IC_OA_T;1;OA;PO;T;30;Tree;0,6887;0,0581;0,084;0,6039
17_IC_OS_M;17;OS;SO;M;10;Herba;0,0030;0,0011;0,367;0,0114
17_IC_OS_M;17;OS;SO;M;10;Herba;0,0056;0,0015;0,268;0,0156
17_IC_OS_M;17;OS;SO;M;10;Oil Palm;0,0204;0,0051;0,250;0,0530
17_IC_OS_M;17;OS;SO;M;10;Oil Palm;0,1988;0,0446;0,224;0,4636
17_IC_OS_M;17;OS;SO;M;10;Tree;0;0;;0,0000
17_IC_OS_M;17;OS;SO;M;10;Tree;0;0;;0,0000
17_IC_OS_M;17;OS;SO;M;30;Herba;0,0011;0,0002;0,182;0,0021
17_IC_OS_M;17;OS;SO;M;30;Herba;0,0036;0,0010;0,278;0,0104
17_IC_OS_M;17;OS;SO;M;30;Oil Palm;0,0060;0,0027;0,450;0,0281
17_IC_OS_M;17;OS;SO;M;30;Oil Palm;0,2356;0,0538;0,228;0,5592
17_IC_OS_M;17;OS;SO;M;30;Tree;0;0;;0,0000
17_IC_OS_M;17;OS;SO;M;30;Tree;0,0082;0,0023;0,280;0,0239
17_IC_OS_O;17;OS;SO;O;10;Herba;0,0018;0,0005;0,278;0,0052
17_IC_OS_O;17;OS;SO;O;10;Herba;0,1515;0,0256;0,169;0,2661
17_IC_OS_O;17;OS;SO;O;10;Oil Palm;0,0006;0,0001;0,167;0,0010
17_IC_OS_O;17;OS;SO;O;10;Oil Palm;0,1446;0,0352;0,243;0,3659
17_IC_OS_O;17;OS;SO;O;10;Tree;0;0;;0,0000
17_IC_OS_O;17;OS;SO;O;10;Tree;0;0;;0,0000
17_IC_OS_O;17;OS;SO;O;30;Herba;0,0063;0,0013;0,206;0,0135
17_IC_OS_O;17;OS;SO;O;30;Herba;0,1189;0,0262;0,220;0,2723
17_IC_OS_O;17;OS;SO;O;30;Oil Palm;0,0433;0,0106;0,245;0,1102
17_IC_OS_O;17;OS;SO;O;30;Oil Palm;0,0727;0,0218;0,300;0,2266
17_IC_OS_O;17;OS;SO;O;30;Tree;0;0;;0,0000
17_IC_OS_O;17;OS;SO;O;30;Tree;0,0137;0,0021;0,153;0,0218
17_IC_OS_T;17;OS;SO;T;10;Herba;0,0014;0,0003;0,214;0,0031
17_IC_OS_T;17;OS;SO;T;10;Herba;0,0767;0,0152;0,198;0,1580
17_IC_OS_T;17;OS;SO;T;10;Oil Palm;0,0024;0,0008;0,333;0,0083
17_IC_OS_T;17;OS;SO;T;10;Oil Palm;0,3627;0,0789;0,218;0,8201
17_IC_OS_T;17;OS;SO;T;10;Tree;0;0;;0,0000
17_IC_OS_T;17;OS;SO;T;10;Tree;0,0065;0,0016;0,246;0,0166
17_IC_OS_T;17;OS;SO;T;30;Herba;0;0;;0,0000
17_IC_OS_T;17;OS;SO;T;30;Herba;0,0025;0,0011;0,440;0,0114
17_IC_OS_T;17;OS;SO;T;30;Oil Palm;0;0;;0,0000
17_IC_OS_T;17;OS;SO;T;30;Oil Palm;0,2274;0,0465;0,204;0,4833
17_IC_OS_T;17;OS;SO;T;30;Tree;0;0;;0,0000
17_IC_OS_T;17;OS;SO;T;30;Tree;0,0046;0,0016;0,348;0,0166
23_IC_OM_M;23;OM;MO;M;10;Herba;0;0;;0,0000
23_IC_OM_M;23;OM;MO;M;10;Herba;0;0;;0,0000
23_IC_OM_M;23;OM;MO;M;10;Herba;0;0;;0,0000
23_IC_OM_M;23;OM;MO;M;10;Herba;0,0006;0,0001;0,167;0,0010
23_IC_OM_M;23;OM;MO;M;10;Herba;0,0009;0,0002;0,222;0,0021
23_IC_OM_M;23;OM;MO;M;10;Herba;0,0015;0,0005;0,333;0,0052
23_IC_OM_M;23;OM;MO;M;10;Herba;0,0063;0,0013;0,206;0,0135
23_IC_OM_M;23;OM;MO;M;10;Herba;0,0122;0,0029;0,238;0,0301
23_IC_OM_M;23;OM;MO;M;10;Herba;0,0209;0,0051;0,244;0,0530
23_IC_OM_M;23;OM;MO;M;10;Herba;0,0554;0,0090;0,162;0,0935
23_IC_OM_M;23;OM;MO;M;10;Herba;0,0578;0,0102;0,176;0,1060
23_IC_OM_M;23;OM;MO;M;10;Herba;0,1194;0,0252;0,211;0,2619
23_IC_OM_M;23;OM;MO;M;10;Oil Palm;0;0;;0,0000
23_IC_OM_M;23;OM;MO;M;10;Oil Palm;0;0;;0,0000
23_IC_OM_M;23;OM;MO;M;10;Oil Palm;0,0058;0,0009;0,155;0,0094
23_IC_OM_M;23;OM;MO;M;10;Oil Palm;0,0064;0,0013;0,203;0,0135
23_IC_OM_M;23;OM;MO;M;10;Oil Palm;0,0053;0,0017;0,321;0,0177
23_IC_OM_M;23;OM;MO;M;10;Oil Palm;0,004;0,0023;0,575;0,0239
23_IC_OM_M;23;OM;MO;M;10;Oil Palm;0,0121;0,0037;0,306;0,0385
23_IC_OM_M;23;OM;MO;M;10;Oil Palm;0,0149;0,0048;0,322;0,0499
23_IC_OM_M;23;OM;MO;M;10;Oil Palm;0,0205;0,0060;0,293;0,0624
23_IC_OM_M;23;OM;MO;M;10;Oil Palm;0,0237;0,0062;0,262;0,0644
23_IC_OM_M;23;OM;MO;M;10;Oil Palm;0,1825;0,0399;0,219;0,4147
23_IC_OM_M;23;OM;MO;M;10;Oil Palm;0,2898;0,0703;0,243;0,7307
23_IC_OM_M;23;OM;MO;M;10;Tree;0;0;;0,0000
23_IC_OM_M;23;OM;MO;M;10;Tree;0;0;;0,0000
23_IC_OM_M;23;OM;MO;M;10;Tree;0;0;;0,0000
23_IC_OM_M;23;OM;MO;M;10;Tree;0;0;;0,0000
23_IC_OM_M;23;OM;MO;M;10;Tree;0;0;;0,0000
23_IC_OM_M;23;OM;MO;M;10;Tree;0;0;;0,0000
23_IC_OM_M;23;OM;MO;M;10;Tree;0;0;;0,0000
23_IC_OM_M;23;OM;MO;M;10;Tree;0;0;;0,0000
23_IC_OM_M;23;OM;MO;M;10;Tree;0;0;;0,0000
23_IC_OM_M;23;OM;MO;M;10;Tree;0,0026;0,0006;0,231;0,0062
23_IC_OM_M;23;OM;MO;M;10;Tree;0,0621;0,0143;0,230;0,1486
23_IC_OM_M;23;OM;MO;M;10;Tree;0,0739;0,0158;0,214;0,1642
23_IC_OM_M;23;OM;MO;M;30;Herba;0;0;;0,0000
23_IC_OM_M;23;OM;MO;M;30;Herba;0;0;;0,0000
23_IC_OM_M;23;OM;MO;M;30;Herba;0;0;;0,0000
23_IC_OM_M;23;OM;MO;M;30;Herba;0;0;;0,0000
23_IC_OM_M;23;OM;MO;M;30;Herba;0;0;;0,0000
23_IC_OM_M;23;OM;MO;M;30;Herba;0;0;;0,0000
23_IC_OM_M;23;OM;MO;M;30;Herba;0,0007;0,0002;0,286;0,0021
23_IC_OM_M;23;OM;MO;M;30;Herba;0,0025;0,0006;0,240;0,0062
23_IC_OM_M;23;OM;MO;M;30;Herba;0,0076;0,0016;0,211;0,0166
23_IC_OM_M;23;OM;MO;M;30;Herba;0,0044;0,0017;0,386;0,0177
23_IC_OM_M;23;OM;MO;M;30;Herba;0,0119;0,0021;0,176;0,0218
23_IC_OM_M;23;OM;MO;M;30;Herba;0,0168;0,0035;0,208;0,0364
23_IC_OM_M;23;OM;MO;M;30;Oil Palm;0;0;;0,0000
23_IC_OM_M;23;OM;MO;M;30;Oil Palm;0,0021;0,0011;0,524;0,0114
23_IC_OM_M;23;OM;MO;M;30;Oil Palm;0,0043;0,0018;0,419;0,0187
23_IC_OM_M;23;OM;MO;M;30;Oil Palm;0,0037;0,0020;0,541;0,0208
23_IC_OM_M;23;OM;MO;M;30;Oil Palm;0,0052;0,0021;0,404;0,0218
23_IC_OM_M;23;OM;MO;M;30;Oil Palm;0,0061;0,0025;0,410;0,0260
23_IC_OM_M;23;OM;MO;M;30;Oil Palm;0,0207;0,0046;0,222;0,0478
23_IC_OM_M;23;OM;MO;M;30;Oil Palm;0,0128;0,005;0,391;0,0520
23_IC_OM_M;23;OM;MO;M;30;Oil Palm;0,0358;0,0104;0,291;0,1081
23_IC_OM_M;23;OM;MO;M;30;Oil Palm;0,0305;0,0105;0,344;0,1091
23_IC_OM_M;23;OM;MO;M;30;Oil Palm;0,0457;0,0143;0,313;0,1486
23_IC_OM_M;23;OM;MO;M;30;Oil Palm;0,0984;0,0269;0,273;0,2796
23_IC_OM_M;23;OM;MO;M;30;Tree;0;0;;0,0000
23_IC_OM_M;23;OM;MO;M;30;Tree;0;0;;0,0000
23_IC_OM_M;23;OM;MO;M;30;Tree;0;0;;0,0000
23_IC_OM_M;23;OM;MO;M;30;Tree;0;0;;0,0000
23_IC_OM_M;23;OM;MO;M;30;Tree;0;0;;0,0000
23_IC_OM_M;23;OM;MO;M;30;Tree;0;0;;0,0000
23_IC_OM_M;23;OM;MO;M;30;Tree;0,0075;0,0003;0,040;0,0031
23_IC_OM_M;23;OM;MO;M;30;Tree;0,0028;0,0007;0,250;0,0073
23_IC_OM_M;23;OM;MO;M;30;Tree;0,0056;0,0018;0,321;0,0187
23_IC_OM_M;23;OM;MO;M;30;Tree;0,0136;0,0018;0,132;0,0187
23_IC_OM_M;23;OM;MO;M;30;Tree;0,0043;0,0021;0,488;0,0218
23_IC_OM_M;23;OM;MO;M;30;Tree;0,0148;0,0030;0,203;0,0312
23_IC_OM_O;23;OM;MO;O;10;Herba;0;0;;0,0000
23_IC_OM_O;23;OM;MO;O;10;Herba;0,0048;0,0005;0,104;0,0052
23_IC_OM_O;23;OM;MO;O;10;Herba;0,0044;0,0015;0,341;0,0156
23_IC_OM_O;23;OM;MO;O;10;Herba;0,0069;0,0015;0,217;0,0156
23_IC_OM_O;23;OM;MO;O;10;Herba;0,0086;0,0015;0,174;0,0156
23_IC_OM_O;23;OM;MO;O;10;Herba;0,0232;0,0027;0,116;0,0281
23_IC_OM_O;23;OM;MO;O;10;Herba;0,0223;0,0038;0,170;0,0395
23_IC_OM_O;23;OM;MO;O;10;Herba;0,0450;0,0078;0,173;0,0811
23_IC_OM_O;23;OM;MO;O;10;Herba;0,0555;0,0094;0,169;0,0977
23_IC_OM_O;23;OM;MO;O;10;Herba;0,0507;0,0097;0,191;0,1008
23_IC_OM_O;23;OM;MO;O;10;Herba;0,0361;0,0107;0,296;0,1112
23_IC_OM_O;23;OM;MO;O;10;Herba;0,061;0,0147;0,241;0,1528
23_IC_OM_O;23;OM;MO;O;10;Oil Palm;0;0;;0,0000
23_IC_OM_O;23;OM;MO;O;10;Oil Palm;0,0029;0,0004;0,138;0,0042
23_IC_OM_O;23;OM;MO;O;10;Oil Palm;0,0048;0,0015;0,313;0,0156
23_IC_OM_O;23;OM;MO;O;10;Oil Palm;0,0059;0,0019;0,322;0,0197
23_IC_OM_O;23;OM;MO;O;10;Oil Palm;0,0141;0,0055;0,390;0,0572
23_IC_OM_O;23;OM;MO;O;10;Oil Palm;0,0166;0,0058;0,349;0,0603
23_IC_OM_O;23;OM;MO;O;10;Oil Palm;0,0320;0,0085;0,266;0,0883
23_IC_OM_O;23;OM;MO;O;10;Oil Palm;0,0388;0,0114;0,294;0,1185
23_IC_OM_O;23;OM;MO;O;10;Oil Palm;0,0603;0,0137;0,227;0,1424
23_IC_OM_O;23;OM;MO;O;10;Oil Palm;0,1009;0,0332;0,329;0,3451
23_IC_OM_O;23;OM;MO;O;10;Oil Palm;0,3770;0,0621;0,165;0,6455
23_IC_OM_O;23;OM;MO;O;10;Oil Palm;0,4536;0,0886;0,195;0,9209
23_IC_OM_O;23;OM;MO;O;10;Tree;0;0;;0,0000
23_IC_OM_O;23;OM;MO;O;10;Tree;0;0;;0,0000
23_IC_OM_O;23;OM;MO;O;10;Tree;0;0;;0,0000
23_IC_OM_O;23;OM;MO;O;10;Tree;0;0;;0,0000
23_IC_OM_O;23;OM;MO;O;10;Tree;0;0;;0,0000
23_IC_OM_O;23;OM;MO;O;10;Tree;0;0;;0,0000
23_IC_OM_O;23;OM;MO;O;10;Tree;0;0;;0,0000
23_IC_OM_O;23;OM;MO;O;10;Tree;0;0;;0,0000
23_IC_OM_O;23;OM;MO;O;10;Tree;0,0019;0,0012;0,632;0,0125
23_IC_OM_O;23;OM;MO;O;10;Tree;0,0467;0,0074;0,158;0,0769
23_IC_OM_O;23;OM;MO;O;10;Tree;0,0604;0,0112;0,185;0,1164
23_IC_OM_O;23;OM;MO;O;10;Tree;0,11;0,0235;0,214;0,2443
23_IC_OM_O;23;OM;MO;O;30;Herba;0;0;;0,0000
23_IC_OM_O;23;OM;MO;O;30;Herba;0;0;;0,0000
23_IC_OM_O;23;OM;MO;O;30;Herba;0;0;;0,0000
23_IC_OM_O;23;OM;MO;O;30;Herba;0;0;;0,0000
23_IC_OM_O;23;OM;MO;O;30;Herba;0,0007;0,0001;0,143;0,0010
23_IC_OM_O;23;OM;MO;O;30;Herba;0,0018;0,0002;0,111;0,0021
23_IC_OM_O;23;OM;MO;O;30;Herba;0,0037;0,0011;0,297;0,0114
23_IC_OM_O;23;OM;MO;O;30;Herba;0,0045;0,0020;0,444;0,0208
23_IC_OM_O;23;OM;MO;O;30;Herba;0,0105;0,0022;0,210;0,0229
23_IC_OM_O;23;OM;MO;O;30;Herba;0,0127;0,0033;0,260;0,0343
23_IC_OM_O;23;OM;MO;O;30;Herba;0,0254;0,0036;0,142;0,0374
23_IC_OM_O;23;OM;MO;O;30;Herba;0,0591;0,0073;0,124;0,0759
23_IC_OM_O;23;OM;MO;O;30;Oil Palm;0,0013;0,0002;0,154;0,0021
23_IC_OM_O;23;OM;MO;O;30;Oil Palm;0,0041;0,0002;0,049;0,0021
23_IC_OM_O;23;OM;MO;O;30;Oil Palm;0,0029;0,0010;0,345;0,0104
23_IC_OM_O;23;OM;MO;O;30;Oil Palm;0,0080;0,0029;0,363;0,0301
23_IC_OM_O;23;OM;MO;O;30;Oil Palm;0,0086;0,0029;0,337;0,0301
23_IC_OM_O;23;OM;MO;O;30;Oil Palm;0,0104;0,0033;0,317;0,0343
23_IC_OM_O;23;OM;MO;O;30;Oil Palm;0,0133;0,0042;0,316;0,0437
23_IC_OM_O;23;OM;MO;O;30;Oil Palm;0,0266;0,0058;0,218;0,0603
23_IC_OM_O;23;OM;MO;O;30;Oil Palm;0,0232;0,0075;0,323;0,0780
23_IC_OM_O;23;OM;MO;O;30;Oil Palm;0,0362;0,0090;0,249;0,0935
23_IC_OM_O;23;OM;MO;O;30;Oil Palm;0,0369;0,0117;0,317;0,1216
23_IC_OM_O;23;OM;MO;O;30;Oil Palm;0,0607;0,0162;0,267;0,1684
23_IC_OM_O;23;OM;MO;O;30;Tree;0;0;;0,0000
23_IC_OM_O;23;OM;MO;O;30;Tree;0;0;;0,0000
23_IC_OM_O;23;OM;MO;O;30;Tree;0;0;;0,0000
23_IC_OM_O;23;OM;MO;O;30;Tree;0;0;;0,0000
23_IC_OM_O;23;OM;MO;O;30;Tree;0;0;;0,0000
23_IC_OM_O;23;OM;MO;O;30;Tree;0;0;;0,0000
23_IC_OM_O;23;OM;MO;O;30;Tree;0;0;;0,0000
23_IC_OM_O;23;OM;MO;O;30;Tree;0;0;;0,0000
23_IC_OM_O;23;OM;MO;O;30;Tree;0;0;;0,0000
23_IC_OM_O;23;OM;MO;O;30;Tree;0;0;;0,0000
23_IC_OM_O;23;OM;MO;O;30;Tree;0,0105;0,0023;0,219;0,0239
23_IC_OM_O;23;OM;MO;O;30;Tree;0,0336;0,0060;0,179;0,0624
23_IC_OM_T;23;OM;MO;T;10;Herba;0;0;;0,0000
23_IC_OM_T;23;OM;MO;T;10;Herba;0;0;;0,0000
23_IC_OM_T;23;OM;MO;T;10;Herba;0,0013;0,0003;0,231;0,0031
23_IC_OM_T;23;OM;MO;T;10;Herba;0,0015;0,0003;0,200;0,0031
23_IC_OM_T;23;OM;MO;T;10;Herba;0,0067;0,0017;0,254;0,0177
23_IC_OM_T;23;OM;MO;T;10;Herba;0,0080;0,0018;0,225;0,0187
23_IC_OM_T;23;OM;MO;T;10;Herba;0,0134;0,0022;0,164;0,0229
23_IC_OM_T;23;OM;MO;T;10;Herba;0,0053;0,0034;0,642;0,0353
23_IC_OM_T;23;OM;MO;T;10;Herba;0,0246;0,0035;0,142;0,0364
23_IC_OM_T;23;OM;MO;T;10;Herba;0,0305;0,0050;0,164;0,0520
23_IC_OM_T;23;OM;MO;T;10;Herba;0,0599;0,0095;0,159;0,0987
23_IC_OM_T;23;OM;MO;T;10;Herba;0,1414;0,0235;0,166;0,2443
23_IC_OM_T;23;OM;MO;T;10;Oil Palm;0;0;;0,0000
23_IC_OM_T;23;OM;MO;T;10;Oil Palm;0;0;;0,0000
23_IC_OM_T;23;OM;MO;T;10;Oil Palm;0;0;;0,0000
23_IC_OM_T;23;OM;MO;T;10;Oil Palm;0,0005;0,0004;0,800;0,0042
23_IC_OM_T;23;OM;MO;T;10;Oil Palm;0,0069;0,0018;0,261;0,0187
23_IC_OM_T;23;OM;MO;T;10;Oil Palm;0,0066;0,0020;0,303;0,0208
23_IC_OM_T;23;OM;MO;T;10;Oil Palm;0,0071;0,0028;0,394;0,0291
23_IC_OM_T;23;OM;MO;T;10;Oil Palm;0,0053;0,0029;0,547;0,0301
23_IC_OM_T;23;OM;MO;T;10;Oil Palm;0,0090;0,0031;0,344;0,0322
23_IC_OM_T;23;OM;MO;T;10;Oil Palm;0,0246;0,0082;0,333;0,0852
23_IC_OM_T;23;OM;MO;T;10;Oil Palm;0,0375;0,0115;0,307;0,1195
23_IC_OM_T;23;OM;MO;T;10;Oil Palm;0,0681;0,0157;0,231;0,1632
23_IC_OM_T;23;OM;MO;T;10;Tree;0;0;;0,0000
23_IC_OM_T;23;OM;MO;T;10;Tree;0;0;;0,0000
23_IC_OM_T;23;OM;MO;T;10;Tree;0;0;;0,0000
23_IC_OM_T;23;OM;MO;T;10;Tree;0;0;;0,0000
23_IC_OM_T;23;OM;MO;T;10;Tree;0;0;;0,0000
23_IC_OM_T;23;OM;MO;T;10;Tree;0;0;;0,0000
23_IC_OM_T;23;OM;MO;T;10;Tree;0;0;;0,0000
23_IC_OM_T;23;OM;MO;T;10;Tree;0,0019;0,0005;0,263;0,0052
23_IC_OM_T;23;OM;MO;T;10;Tree;0,0059;0,0015;0,254;0,0156
23_IC_OM_T;23;OM;MO;T;10;Tree;0,0205;0,0028;0,137;0,0291
23_IC_OM_T;23;OM;MO;T;10;Tree;0,0437;0,0076;0,174;0,0790
23_IC_OM_T;23;OM;MO;T;10;Tree;0,1007;0,0172;0,171;0,1788
23_IC_OM_T;23;OM;MO;T;30;Herba;0;0;;0,0000
23_IC_OM_T;23;OM;MO;T;30;Herba;0;0;;0,0000
23_IC_OM_T;23;OM;MO;T;30;Herba;0,0006;0,0001;0,167;0,0010
23_IC_OM_T;23;OM;MO;T;30;Herba;0,0010;0,0001;0,100;0,0010
23_IC_OM_T;23;OM;MO;T;30;Herba;0,0015;0,0002;0,133;0,0021
23_IC_OM_T;23;OM;MO;T;30;Herba;0,002;0,0009;0,450;0,0094
23_IC_OM_T;23;OM;MO;T;30;Herba;0,0015;0,001;0,667;0,0104
23_IC_OM_T;23;OM;MO;T;30;Herba;0,0056;0,0013;0,232;0,0135
23_IC_OM_T;23;OM;MO;T;30;Herba;0,0073;0,0013;0,178;0,0135
23_IC_OM_T;23;OM;MO;T;30;Herba;0,0026;0,0020;0,769;0,0208
23_IC_OM_T;23;OM;MO;T;30;Herba;0,0128;0,0021;0,164;0,0218
23_IC_OM_T;23;OM;MO;T;30;Herba;0,0573;0,0127;0,222;0,1320
23_IC_OM_T;23;OM;MO;T;30;Oil Palm;0;0;;0,0000
23_IC_OM_T;23;OM;MO;T;30;Oil Palm;0;0;;0,0000
23_IC_OM_T;23;OM;MO;T;30;Oil Palm;0;0;;0,0000
23_IC_OM_T;23;OM;MO;T;30;Oil Palm;0;0;;0,0000
23_IC_OM_T;23;OM;MO;T;30;Oil Palm;0;0;;0,0000
23_IC_OM_T;23;OM;MO;T;30;Oil Palm;0,0037;0,002;0,541;0,0208
23_IC_OM_T;23;OM;MO;T;30;Oil Palm;0,0047;0,0029;0,617;0,0301
23_IC_OM_T;23;OM;MO;T;30;Oil Palm;0,0098;0,0034;0,347;0,0353
23_IC_OM_T;23;OM;MO;T;30;Oil Palm;0,0199;0,0057;0,286;0,0592
23_IC_OM_T;23;OM;MO;T;30;Oil Palm;0,0182;0,0058;0,319;0,0603
23_IC_OM_T;23;OM;MO;T;30;Oil Palm;0,0186;0,0067;0,360;0,0696
23_IC_OM_T;23;OM;MO;T;30;Oil Palm;0,0261;0,0076;0,291;0,0790
23_IC_OM_T;23;OM;MO;T;30;Tree;0;0;;0,0000
23_IC_OM_T;23;OM;MO;T;30;Tree;0;0;;0,0000
23_IC_OM_T;23;OM;MO;T;30;Tree;0;0;;0,0000
23_IC_OM_T;23;OM;MO;T;30;Tree;0;0;;0,0000
23_IC_OM_T;23;OM;MO;T;30;Tree;0;0;;0,0000
23_IC_OM_T;23;OM;MO;T;30;Tree;0,0007;0,0001;0,143;0,0010
23_IC_OM_T;23;OM;MO;T;30;Tree;0,0012;0,0004;0,333;0,0042
23_IC_OM_T;23;OM;MO;T;30;Tree;0,0077;0,0008;0,104;0,0083
23_IC_OM_T;23;OM;MO;T;30;Tree;0,0166;0,0024;0,145;0,0249
23_IC_OM_T;23;OM;MO;T;30;Tree;0,0115;0,0042;0,365;0,0437
23_IC_OM_T;23;OM;MO;T;30;Tree;0,0522;0,0133;0,255;0,1382
23_IC_OM_T;23;OM;MO;T;30;Tree;0,0664;0,0218;0,328;0,2266
35_IC_OO_M;35;OO;OO;M;10;Herba;0;0;;0,0000
35_IC_OO_M;35;OO;OO;M;10;Herba;0;0;;0,0000
35_IC_OO_M;35;OO;OO;M;10;Herba;0,0012;0,0007;0,583;0,0073
35_IC_OO_M;35;OO;OO;M;10;Herba;0,0018;0,0008;0,444;0,0083
35_IC_OO_M;35;OO;OO;M;10;Herba;0,0018;0,0016;0,889;0,0166
35_IC_OO_M;35;OO;OO;M;10;Herba;0,0073;0,0017;0,233;0,0177
35_IC_OO_M;35;OO;OO;M;10;Herba;0,0066;0,0026;0,394;0,0270
35_IC_OO_M;35;OO;OO;M;10;Herba;0,056;0,01;0,179;0,1039
35_IC_OO_M;35;OO;OO;M;10;Herba;0,0706;0,0133;0,188;0,1382
35_IC_OO_M;35;OO;OO;M;10;Herba;0,1042;0,0217;0,208;0,2255
35_IC_OO_M;35;OO;OO;M;10;Herba;0,2629;0,0391;0,149;0,4064
35_IC_OO_M;35;OO;OO;M;10;Herba;0,2914;0,0428;0,147;0,4449
35_IC_OO_M;35;OO;OO;M;10;Oil Palm;0,0045;0,0035;0,778;0,0364
35_IC_OO_M;35;OO;OO;M;10;Oil Palm;0,0169;0,0059;0,349;0,0613
35_IC_OO_M;35;OO;OO;M;10;Oil Palm;0,0167;0,0074;0,443;0,0769
35_IC_OO_M;35;OO;OO;M;10;Oil Palm;0,0091;0,0083;0,912;0,0863
35_IC_OO_M;35;OO;OO;M;10;Oil Palm;0,0322;0,0124;0,385;0,1289
35_IC_OO_M;35;OO;OO;M;10;Oil Palm;0,0374;0,0128;0,342;0,1330
35_IC_OO_M;35;OO;OO;M;10;Oil Palm;0,043;0,0161;0,374;0,1673
35_IC_OO_M;35;OO;OO;M;10;Oil Palm;0,0649;0,017;0,262;0,1767
35_IC_OO_M;35;OO;OO;M;10;Oil Palm;0,1397;0,0443;0,317;0,4604
35_IC_OO_M;35;OO;OO;M;10;Oil Palm;0,1572;0,0461;0,293;0,4792
35_IC_OO_M;35;OO;OO;M;10;Oil Palm;0,2742;0,085;0,310;0,8835
35_IC_OO_M;35;OO;OO;M;10;Oil Palm;0,3762;0,1038;0,276;1,0789
35_IC_OO_M;35;OO;OO;M;10;Tree;0;0;;0,0000
35_IC_OO_M;35;OO;OO;M;10;Tree;0;0;;0,0000
35_IC_OO_M;35;OO;OO;M;10;Tree;0;0;;0,0000
35_IC_OO_M;35;OO;OO;M;10;Tree;0;0;;0,0000
35_IC_OO_M;35;OO;OO;M;10;Tree;0;0;;0,0000
35_IC_OO_M;35;OO;OO;M;10;Tree;0;0;;0,0000
35_IC_OO_M;35;OO;OO;M;10;Tree;0;0;;0,0000
35_IC_OO_M;35;OO;OO;M;10;Tree;0;0;;0,0000
35_IC_OO_M;35;OO;OO;M;10;Tree;0;0;;0,0000
35_IC_OO_M;35;OO;OO;M;10;Tree;0;0;;0,0000
35_IC_OO_M;35;OO;OO;M;10;Tree;0;0;;0,0000
35_IC_OO_M;35;OO;OO;M;10;Tree;0,02;0,0061;0,305;0,0634
35_IC_OO_M;35;OO;OO;M;30;Herba;0;0;;0,0000
35_IC_OO_M;35;OO;OO;M;30;Herba;0;0;;0,0000
35_IC_OO_M;35;OO;OO;M;30;Herba;0;0;;0,0000
35_IC_OO_M;35;OO;OO;M;30;Herba;0,0003;0,0001;0,333;0,0010
35_IC_OO_M;35;OO;OO;M;30;Herba;0,0004;0,0001;0,250;0,0010
35_IC_OO_M;35;OO;OO;M;30;Herba;0,0013;0,0004;0,308;0,0042
35_IC_OO_M;35;OO;OO;M;30;Herba;0,0016;0,001;0,625;0,0104
35_IC_OO_M;35;OO;OO;M;30;Herba;0,0088;0,002;0,227;0,0208
35_IC_OO_M;35;OO;OO;M;30;Herba;0,0261;0,0063;0,241;0,0655
35_IC_OO_M;35;OO;OO;M;30;Herba;0,0546;0,0111;0,203;0,1154
35_IC_OO_M;35;OO;OO;M;30;Herba;0,0874;0,0202;0,231;0,2100
35_IC_OO_M;35;OO;OO;M;30;Herba;0,1202;0,0277;0,230;0,2879
35_IC_OO_M;35;OO;OO;M;30;Oil Palm;0,0194;0,0066;0,340;0,0686
35_IC_OO_M;35;OO;OO;M;30;Oil Palm;0,0239;0,0097;0,406;0,1008
35_IC_OO_M;35;OO;OO;M;30;Oil Palm;0,0517;0,0123;0,238;0,1278
35_IC_OO_M;35;OO;OO;M;30;Oil Palm;0,0431;0,0135;0,313;0,1403
35_IC_OO_M;35;OO;OO;M;30;Oil Palm;0,0830;0,0137;0,165;0,1424
35_IC_OO_M;35;OO;OO;M;30;Oil Palm;0,1023;0,0259;0,253;0,2692
35_IC_OO_M;35;OO;OO;M;30;Oil Palm;0,086;0,0316;0,367;0,3284
35_IC_OO_M;35;OO;OO;M;30;Oil Palm;0,0958;0,0398;0,415;0,4137
35_IC_OO_M;35;OO;OO;M;30;Oil Palm;0,1249;0,0407;0,326;0,4230
35_IC_OO_M;35;OO;OO;M;30;Oil Palm;0,1753;0,0501;0,286;0,5207
35_IC_OO_M;35;OO;OO;M;30;Oil Palm;0,4177;0,1021;0,244;1,0612
35_IC_OO_M;35;OO;OO;M;30;Oil Palm;0,4554;0,1544;0,339;1,6048
35_IC_OO_M;35;OO;OO;M;30;Tree;0;0;;0,0000
35_IC_OO_M;35;OO;OO;M;30;Tree;0;0;;0,0000
35_IC_OO_M;35;OO;OO;M;30;Tree;0;0;;0,0000
35_IC_OO_M;35;OO;OO;M;30;Tree;0;0;;0,0000
35_IC_OO_M;35;OO;OO;M;30;Tree;0;0;;0,0000
35_IC_OO_M;35;OO;OO;M;30;Tree;0;0;;0,0000
35_IC_OO_M;35;OO;OO;M;30;Tree;0;0;;0,0000
35_IC_OO_M;35;OO;OO;M;30;Tree;0;0;;0,0000
35_IC_OO_M;35;OO;OO;M;30;Tree;0;0;;0,0000
35_IC_OO_M;35;OO;OO;M;30;Tree;0;0;;0,0000
35_IC_OO_M;35;OO;OO;M;30;Tree;0,0036;0,0006;0,167;0,0062
35_IC_OO_M;35;OO;OO;M;30;Tree;0,0330;0,0082;0,248;0,0852
35_IC_OO_O;35;OO;OO;O;10;Herba;0;0;;0,0000
35_IC_OO_O;35;OO;OO;O;10;Herba;0;0;;0,0000
35_IC_OO_O;35;OO;OO;O;10;Herba;0;0;;0,0000
35_IC_OO_O;35;OO;OO;O;10;Herba;0;0;;0,0000
35_IC_OO_O;35;OO;OO;O;10;Herba;0;0;;0,0000
35_IC_OO_O;35;OO;OO;O;10;Herba;0;0;;0,0000
35_IC_OO_O;35;OO;OO;O;10;Herba;0,0003;0,0001;0,333;0,0010
35_IC_OO_O;35;OO;OO;O;10;Herba;0,0092;0,0032;0,348;0,0333
35_IC_OO_O;35;OO;OO;O;10;Herba;0,0074;0,0048;0,649;0,0499
35_IC_OO_O;35;OO;OO;O;10;Herba;0,0203;0,0056;0,276;0,0582
35_IC_OO_O;35;OO;OO;O;10;Herba;0,0138;0,0062;0,449;0,0644
35_IC_OO_O;35;OO;OO;O;10;Herba;0,1138;0,0307;0,270;0,3191
35_IC_OO_O;35;OO;OO;O;10;Oil Palm;0;0;;0,0000
35_IC_OO_O;35;OO;OO;O;10;Oil Palm;0;0;;0,0000
35_IC_OO_O;35;OO;OO;O;10;Oil Palm;0;0;;0,0000
35_IC_OO_O;35;OO;OO;O;10;Oil Palm;0;0;;0,0000
35_IC_OO_O;35;OO;OO;O;10;Oil Palm;0,0107;0,0025;0,234;0,0260
35_IC_OO_O;35;OO;OO;O;10;Oil Palm;0,0237;0,0057;0,241;0,0592
35_IC_OO_O;35;OO;OO;O;10;Oil Palm;0,0131;0,0069;0,527;0,0717
35_IC_OO_O;35;OO;OO;O;10;Oil Palm;0,0129;0,0079;0,612;0,0821
35_IC_OO_O;35;OO;OO;O;10;Oil Palm;0,0537;0,014;0,261;0,1455
35_IC_OO_O;35;OO;OO;O;10;Oil Palm;0,066;0,0275;0,417;0,2858
35_IC_OO_O;35;OO;OO;O;10;Oil Palm;0,1388;0,0336;0,242;0,3492
35_IC_OO_O;35;OO;OO;O;10;Oil Palm;0,1251;0,0405;0,324;0,4209
35_IC_OO_O;35;OO;OO;O;10;Tree;0;0;;0,0000
35_IC_OO_O;35;OO;OO;O;10;Tree;0;0;;0,0000
35_IC_OO_O;35;OO;OO;O;10;Tree;0;0;;0,0000
35_IC_OO_O;35;OO;OO;O;10;Tree;0;0;;0,0000
35_IC_OO_O;35;OO;OO;O;10;Tree;0;0;;0,0000
35_IC_OO_O;35;OO;OO;O;10;Tree;0;0;;0,0000
35_IC_OO_O;35;OO;OO;O;10;Tree;0;0;;0,0000
35_IC_OO_O;35;OO;OO;O;10;Tree;0;0;;0,0000
35_IC_OO_O;35;OO;OO;O;10;Tree;0,0046;0,0032;0,696;0,0333
35_IC_OO_O;35;OO;OO;O;10;Tree;0,0361;0,009;0,249;0,0935
35_IC_OO_O;35;OO;OO;O;10;Tree;0,041;0,0131;0,320;0,1362
35_IC_OO_O;35;OO;OO;O;10;Tree;0,1245;0,0332;0,267;0,3451
35_IC_OO_O;35;OO;OO;O;30;Herba;0;0;;0,0000
35_IC_OO_O;35;OO;OO;O;30;Herba;0;0;;0,0000
35_IC_OO_O;35;OO;OO;O;30;Herba;0;0;;0,0000
35_IC_OO_O;35;OO;OO;O;30;Herba;0;0;;0,0000
35_IC_OO_O;35;OO;OO;O;30;Herba;0,0012;0,0001;0,083;0,0010
35_IC_OO_O;35;OO;OO;O;30;Herba;0,0018;0,0004;0,222;0,0042
35_IC_OO_O;35;OO;OO;O;30;Herba;0,0008;0,0005;0,625;0,0052
35_IC_OO_O;35;OO;OO;O;30;Herba;0,0063;0,0024;0,381;0,0249
35_IC_OO_O;35;OO;OO;O;30;Herba;0,0071;0,0034;0,479;0,0353
35_IC_OO_O;35;OO;OO;O;30;Herba;0,0068;0,0059;0,868;0,0613
35_IC_OO_O;35;OO;OO;O;30;Herba;0,0438;0,0111;0,253;0,1154
35_IC_OO_O;35;OO;OO;O;30;Herba;0,0562;0,0122;0,217;0,1268
35_IC_OO_O;35;OO;OO;O;30;Oil Palm;0,0028;0,001;0,357;0,0104
35_IC_OO_O;35;OO;OO;O;30;Oil Palm;0,0049;0,0019;0,388;0,0197
35_IC_OO_O;35;OO;OO;O;30;Oil Palm;0,016;0,0075;0,469;0,0780
35_IC_OO_O;35;OO;OO;O;30;Oil Palm;0,0271;0,0083;0,306;0,0863
35_IC_OO_O;35;OO;OO;O;30;Oil Palm;0,0465;0,0242;0,520;0,2515
35_IC_OO_O;35;OO;OO;O;30;Oil Palm;0,1214;0,0341;0,281;0,3544
35_IC_OO_O;35;OO;OO;O;30;Oil Palm;0,1272;0,0349;0,274;0,3627
35_IC_OO_O;35;OO;OO;O;30;Oil Palm;0,1462;0,04;0,274;0,4158
35_IC_OO_O;35;OO;OO;O;30;Oil Palm;0,192;0,0547;0,285;0,5685
35_IC_OO_O;35;OO;OO;O;30;Oil Palm;0,2241;0,0783;0,349;0,8138
35_IC_OO_O;35;OO;OO;O;30;Oil Palm;0,3114;0,084;0,270;0,8731
35_IC_OO_O;35;OO;OO;O;30;Oil Palm;0,3532;0,1227;0,347;1,2753
35_IC_OO_O;35;OO;OO;O;30;Tree;0;0;;0,0000
35_IC_OO_O;35;OO;OO;O;30;Tree;0;0;;0,0000
35_IC_OO_O;35;OO;OO;O;30;Tree;0;0;;0,0000
35_IC_OO_O;35;OO;OO;O;30;Tree;0;0;;0,0000
35_IC_OO_O;35;OO;OO;O;30;Tree;0;0;;0,0000
35_IC_OO_O;35;OO;OO;O;30;Tree;0;0;;0,0000
35_IC_OO_O;35;OO;OO;O;30;Tree;0;0;;0,0000
35_IC_OO_O;35;OO;OO;O;30;Tree;0;0;;0,0000
35_IC_OO_O;35;OO;OO;O;30;Tree;0;0;;0,0000
35_IC_OO_O;35;OO;OO;O;30;Tree;0,006;0,0012;0,200;0,0125
35_IC_OO_O;35;OO;OO;O;30;Tree;0,0790;0,0225;0,285;0,2339
35_IC_OO_O;35;OO;OO;O;30;Tree;0,1302;0,0323;0,248;0,3357
35_IC_OO_T;35;OO;OO;T;10;Herba;0;0;;0,0000
35_IC_OO_T;35;OO;OO;T;10;Herba;0;0;;0,0000
35_IC_OO_T;35;OO;OO;T;10;Herba;0,0048;0,0013;0,271;0,0135
35_IC_OO_T;35;OO;OO;T;10;Herba;0,0068;0,002;0,294;0,0208
35_IC_OO_T;35;OO;OO;T;10;Herba;0,0053;0,0021;0,396;0,0218
35_IC_OO_T;35;OO;OO;T;10;Herba;0,0288;0,0038;0,132;0,0395
35_IC_OO_T;35;OO;OO;T;10;Herba;0,0252;0,0057;0,226;0,0592
35_IC_OO_T;35;OO;OO;T;10;Herba;0,0421;0,0108;0,257;0,1123
35_IC_OO_T;35;OO;OO;T;10;Herba;0,0318;0,015;0,472;0,1559
35_IC_OO_T;35;OO;OO;T;10;Herba;0,0565;0,0196;0,347;0,2037
35_IC_OO_T;35;OO;OO;T;10;Herba;0,0817;0,0201;0,246;0,2089
35_IC_OO_T;35;OO;OO;T;10;Herba;0,1453;0,0282;0,194;0,2931
35_IC_OO_T;35;OO;OO;T;10;Oil Palm;0;0;;0,0000
35_IC_OO_T;35;OO;OO;T;10;Oil Palm;0;0;;0,0000
35_IC_OO_T;35;OO;OO;T;10;Oil Palm;0,0023;0,0019;0,826;0,0197
35_IC_OO_T;35;OO;OO;T;10;Oil Palm;0,0092;0,0031;0,337;0,0322
35_IC_OO_T;35;OO;OO;T;10;Oil Palm;0,0132;0,0053;0,402;0,0551
35_IC_OO_T;35;OO;OO;T;10;Oil Palm;0,0362;0,01;0,276;0,1039
35_IC_OO_T;35;OO;OO;T;10;Oil Palm;0,0605;0,0229;0,379;0,2380
35_IC_OO_T;35;OO;OO;T;10;Oil Palm;0,0922;0,0267;0,290;0,2775
35_IC_OO_T;35;OO;OO;T;10;Oil Palm;0,1473;0,0534;0,363;0,5550
35_IC_OO_T;35;OO;OO;T;10;Oil Palm;0,2068;0,055;0,266;0,5717
35_IC_OO_T;35;OO;OO;T;10;Oil Palm;0,361;0,1233;0,342;1,2816
35_IC_OO_T;35;OO;OO;T;10;Oil Palm;1,0236;0,3431;0,335;3,5661
35_IC_OO_T;35;OO;OO;T;10;Tree;0;0;;0,0000
35_IC_OO_T;35;OO;OO;T;10;Tree;0;0;;0,0000
35_IC_OO_T;35;OO;OO;T;10;Tree;0;0;;0,0000
35_IC_OO_T;35;OO;OO;T;10;Tree;0;0;;0,0000
35_IC_OO_T;35;OO;OO;T;10;Tree;0;0;;0,0000
35_IC_OO_T;35;OO;OO;T;10;Tree;0;0;;0,0000
35_IC_OO_T;35;OO;OO;T;10;Tree;0;0;;0,0000
35_IC_OO_T;35;OO;OO;T;10;Tree;0;0;;0,0000
35_IC_OO_T;35;OO;OO;T;10;Tree;0;0;;0,0000
35_IC_OO_T;35;OO;OO;T;10;Tree;0,0073;0,0012;0,164;0,0125
35_IC_OO_T;35;OO;OO;T;10;Tree;0,0529;0,0128;0,242;0,1330
35_IC_OO_T;35;OO;OO;T;10;Tree;0,2488;0,049;0,197;0,5093
35_IC_OO_T;35;OO;OO;T;30;Herba;0;0;;0,0000
35_IC_OO_T;35;OO;OO;T;30;Herba;0;0;;0,0000
35_IC_OO_T;35;OO;OO;T;30;Herba;0;0;;0,0000
35_IC_OO_T;35;OO;OO;T;30;Herba;0;0;;0,0000
35_IC_OO_T;35;OO;OO;T;30;Herba;0;0;;0,0000
35_IC_OO_T;35;OO;OO;T;30;Herba;0,0018;0,0004;0,222;0,0042
35_IC_OO_T;35;OO;OO;T;30;Herba;0,0026;0,0008;0,308;0,0083
35_IC_OO_T;35;OO;OO;T;30;Herba;0,0077;0,0015;0,195;0,0156
35_IC_OO_T;35;OO;OO;T;30;Herba;0,0063;0,0018;0,286;0,0187
35_IC_OO_T;35;OO;OO;T;30;Herba;0,0133;0,003;0,226;0,0312
35_IC_OO_T;35;OO;OO;T;30;Herba;0,0315;0,0065;0,206;0,0676
35_IC_OO_T;35;OO;OO;T;30;Herba;0,0509;0,0075;0,147;0,0780
35_IC_OO_T;35;OO;OO;T;30;Oil Palm;0;0;;0,0000
35_IC_OO_T;35;OO;OO;T;30;Oil Palm;0,0008;0,0001;0,125;0,0010
35_IC_OO_T;35;OO;OO;T;30;Oil Palm;0,0047;0,0039;0,830;0,0405
35_IC_OO_T;35;OO;OO;T;30;Oil Palm;0,0115;0,005;0,435;0,0520
35_IC_OO_T;35;OO;OO;T;30;Oil Palm;0,0145;0,0055;0,379;0,0572
35_IC_OO_T;35;OO;OO;T;30;Oil Palm;0,0455;0,0103;0,226;0,1071
35_IC_OO_T;35;OO;OO;T;30;Oil Palm;0,0311;0,0109;0,350;0,1133
35_IC_OO_T;35;OO;OO;T;30;Oil Palm;0,1157;0,0391;0,338;0,4064
35_IC_OO_T;35;OO;OO;T;30;Oil Palm;0,2476;0,0762;0,308;0,7920
35_IC_OO_T;35;OO;OO;T;30;Oil Palm;0,2806;0,0775;0,276;0,8055
35_IC_OO_T;35;OO;OO;T;30;Oil Palm;0,342;0,1211;0,354;1,2587
35_IC_OO_T;35;OO;OO;T;30;Oil Palm;0,993;0,307;0,309;3,1909
35_IC_OO_T;35;OO;OO;T;30;Tree;0;0;;0,0000
35_IC_OO_T;35;OO;OO;T;30;Tree;0;0;;0,0000
35_IC_OO_T;35;OO;OO;T;30;Tree;0;0;;0,0000
35_IC_OO_T;35;OO;OO;T;30;Tree;0;0;;0,0000
35_IC_OO_T;35;OO;OO;T;30;Tree;0;0;;0,0000
35_IC_OO_T;35;OO;OO;T;30;Tree;0;0;;0,0000
35_IC_OO_T;35;OO;OO;T;30;Tree;0;0;;0,0000
35_IC_OO_T;35;OO;OO;T;30;Tree;0;0;;0,0000
35_IC_OO_T;35;OO;OO;T;30;Tree;0;0;;0,0000
35_IC_OO_T;35;OO;OO;T;30;Tree;0,0030;0,0012;0,400;0,0125
35_IC_OO_T;35;OO;OO;T;30;Tree;0,0068;0,0012;0,176;0,0125
35_IC_OO_T;35;OO;OO;T;30;Tree;0,433;0,0745;0,172;0,7743
45_IC_OP_M;45;OP;PERO;M;10;Herba;0;0;;0,0000
45_IC_OP_M;45;OP;PERO;M;10;Herba;0;0;;0,0000
45_IC_OP_M;45;OP;PERO;M;10;Herba;0;0;;0,0000
45_IC_OP_M;45;OP;PERO;M;10;Herba;0,0008;0,0001;0,125;0,0010
45_IC_OP_M;45;OP;PERO;M;10;Herba;0,003;0,0008;0,267;0,0083
45_IC_OP_M;45;OP;PERO;M;10;Herba;0,0039;0,0008;0,205;0,0083
45_IC_OP_M;45;OP;PERO;M;10;Herba;0,0045;0,0012;0,267;0,0125
45_IC_OP_M;45;OP;PERO;M;10;Herba;0,0094;0,0014;0,149;0,0146
45_IC_OP_M;45;OP;PERO;M;10;Herba;0,0045;0,0018;0,400;0,0187
45_IC_OP_M;45;OP;PERO;M;10;Herba;0,0245;0,0041;0,167;0,0426
45_IC_OP_M;45;OP;PERO;M;10;Herba;0,0403;0,0098;0,243;0,1019
45_IC_OP_M;45;OP;PERO;M;10;Herba;0,0508;0,0115;0,226;0,1195
45_IC_OP_M;45;OP;PERO;M;10;Oil Palm;0;0;;0,0000
45_IC_OP_M;45;OP;PERO;M;10;Oil Palm;0,0004;0,0001;0,250;0,0010
45_IC_OP_M;45;OP;PERO;M;10;Oil Palm;0,0045;0,0015;0,333;0,0156
45_IC_OP_M;45;OP;PERO;M;10;Oil Palm;0,0088;0,0032;0,364;0,0333
45_IC_OP_M;45;OP;PERO;M;10;Oil Palm;0,0071;0,0036;0,507;0,0374
45_IC_OP_M;45;OP;PERO;M;10;Oil Palm;0,0169;0,0045;0,266;0,0468
45_IC_OP_M;45;OP;PERO;M;10;Oil Palm;0,0153;0,0056;0,366;0,0582
45_IC_OP_M;45;OP;PERO;M;10;Oil Palm;0,02;0,0064;0,320;0,0665
45_IC_OP_M;45;OP;PERO;M;10;Oil Palm;0,0242;0,0086;0,355;0,0894
45_IC_OP_M;45;OP;PERO;M;10;Oil Palm;0,029;0,0101;0,348;0,1050
45_IC_OP_M;45;OP;PERO;M;10;Oil Palm;0,0352;0,0113;0,321;0,1174
45_IC_OP_M;45;OP;PERO;M;10;Oil Palm;0,1225;0,0228;0,186;0,2370
45_IC_OP_M;45;OP;PERO;M;10;Tree;0;0;;0,0000
45_IC_OP_M;45;OP;PERO;M;10;Tree;0;0;;0,0000
45_IC_OP_M;45;OP;PERO;M;10;Tree;0;0;;0,0000
45_IC_OP_M;45;OP;PERO;M;10;Tree;0;0;;0,0000
45_IC_OP_M;45;OP;PERO;M;10;Tree;0;0;;0,0000
45_IC_OP_M;45;OP;PERO;M;10;Tree;0;0;;0,0000
45_IC_OP_M;45;OP;PERO;M;10;Tree;0,0013;0,0004;0,308;0,0042
45_IC_OP_M;45;OP;PERO;M;10;Tree;0,002;0,001;0,500;0,0104
45_IC_OP_M;45;OP;PERO;M;10;Tree;0,0037;0,0013;0,351;0,0135
45_IC_OP_M;45;OP;PERO;M;10;Tree;0,1061;0,0213;0,201;0,2214
45_IC_OP_M;45;OP;PERO;M;10;Tree;0,1378;0,0265;0,192;0,2754
45_IC_OP_M;45;OP;PERO;M;10;Tree;0,3086;0,0779;0,252;0,8097
45_IC_OP_M;45;OP;PERO;M;30;Herba;0;0;;0,0000
45_IC_OP_M;45;OP;PERO;M;30;Herba;0;0;;0,0000
45_IC_OP_M;45;OP;PERO;M;30;Herba;0;0;;0,0000
45_IC_OP_M;45;OP;PERO;M;30;Herba;0,0005;0,0001;0,200;0,0010
45_IC_OP_M;45;OP;PERO;M;30;Herba;0,0012;0,0004;0,333;0,0042
45_IC_OP_M;45;OP;PERO;M;30;Herba;0,0019;0,0004;0,211;0,0042
45_IC_OP_M;45;OP;PERO;M;30;Herba;0,0044;0,0008;0,182;0,0083
45_IC_OP_M;45;OP;PERO;M;30;Herba;0,0069;0,0009;0,130;0,0094
45_IC_OP_M;45;OP;PERO;M;30;Herba;0,0068;0,0017;0,250;0,0177
45_IC_OP_M;45;OP;PERO;M;30;Herba;0,016;0,0025;0,156;0,0260
45_IC_OP_M;45;OP;PERO;M;30;Herba;0,0152;0,0027;0,178;0,0281
45_IC_OP_M;45;OP;PERO;M;30;Herba;0,0649;0,0202;0,311;0,2100
45_IC_OP_M;45;OP;PERO;M;30;Oil Palm;0,0042;0,002;0,476;0,0208
45_IC_OP_M;45;OP;PERO;M;30;Oil Palm;0,0049;0,0021;0,429;0,0218
45_IC_OP_M;45;OP;PERO;M;30;Oil Palm;0,0047;0,0023;0,489;0,0239
45_IC_OP_M;45;OP;PERO;M;30;Oil Palm;0,0056;0,0026;0,464;0,0270
45_IC_OP_M;45;OP;PERO;M;30;Oil Palm;0,0074;0,004;0,541;0,0416
45_IC_OP_M;45;OP;PERO;M;30;Oil Palm;0,0164;0,0082;0,500;0,0852
45_IC_OP_M;45;OP;PERO;M;30;Oil Palm;0,0736;0,0173;0,235;0,1798
45_IC_OP_M;45;OP;PERO;M;30;Oil Palm;0,1344;0,0365;0,272;0,3794
45_IC_OP_M;45;OP;PERO;M;30;Oil Palm;0,3679;0,1011;0,275;1,0508
45_IC_OP_M;45;OP;PERO;M;30;Oil Palm;0,608;0,1542;0,254;1,6027
45_IC_OP_M;45;OP;PERO;M;30;Oil Palm;0,8452;0,1558;0,184;1,6194
45_IC_OP_M;45;OP;PERO;M;30;Oil Palm;0,676;0,1916;0,283;1,9915
45_IC_OP_M;45;OP;PERO;M;30;Tree;0;0;;0,0000
45_IC_OP_M;45;OP;PERO;M;30;Tree;0;0;;0,0000
45_IC_OP_M;45;OP;PERO;M;30;Tree;0;0;;0,0000
45_IC_OP_M;45;OP;PERO;M;30;Tree;0;0;;0,0000
45_IC_OP_M;45;OP;PERO;M;30;Tree;0;0;;0,0000
45_IC_OP_M;45;OP;PERO;M;30;Tree;0;0;;0,0000
45_IC_OP_M;45;OP;PERO;M;30;Tree;0,0131;0,0025;0,191;0,0260
45_IC_OP_M;45;OP;PERO;M;30;Tree;0,0129;0,0027;0,209;0,0281
45_IC_OP_M;45;OP;PERO;M;30;Tree;0,0306;0,0049;0,160;0,0509
45_IC_OP_M;45;OP;PERO;M;30;Tree;0,0232;0,0058;0,250;0,0603
45_IC_OP_M;45;OP;PERO;M;30;Tree;0,0293;0,0062;0,212;0,0644
45_IC_OP_M;45;OP;PERO;M;30;Tree;0,0317;0,009;0,284;0,0935
45_IC_OP_O;45;OP;PERO;O;10;Herba;0;0;;0,0000
45_IC_OP_O;45;OP;PERO;O;10;Herba;0;0;;0,0000
45_IC_OP_O;45;OP;PERO;O;10;Herba;0;0;;0,0000
45_IC_OP_O;45;OP;PERO;O;10;Herba;0,0078;0,0019;0,244;0,0197
45_IC_OP_O;45;OP;PERO;O;10;Herba;0,0127;0,0033;0,260;0,0343
45_IC_OP_O;45;OP;PERO;O;10;Herba;0,0359;0,0048;0,134;0,0499
45_IC_OP_O;45;OP;PERO;O;10;Herba;0,0143;0,0052;0,364;0,0540
45_IC_OP_O;45;OP;PERO;O;10;Herba;0,0275;0,0094;0,342;0,0977
45_IC_OP_O;45;OP;PERO;O;10;Herba;0,0404;0,0111;0,275;0,1154
45_IC_OP_O;45;OP;PERO;O;10;Herba;0,0555;0,0119;0,214;0,1237
45_IC_OP_O;45;OP;PERO;O;10;Herba;0,0869;0,0231;0,266;0,2401
45_IC_OP_O;45;OP;PERO;O;10;Herba;0,1448;0,035;0,242;0,3638
45_IC_OP_O;45;OP;PERO;O;10;Oil Palm;0;0;;0,0000
45_IC_OP_O;45;OP;PERO;O;10;Oil Palm;0;0;;0,0000
45_IC_OP_O;45;OP;PERO;O;10;Oil Palm;0,0037;0,0008;0,216;0,0083
45_IC_OP_O;45;OP;PERO;O;10;Oil Palm;0,0156;0,0037;0,237;0,0385
45_IC_OP_O;45;OP;PERO;O;10;Oil Palm;0,0068;0,004;0,588;0,0416
45_IC_OP_O;45;OP;PERO;O;10;Oil Palm;0,0142;0,0056;0,394;0,0582
45_IC_OP_O;45;OP;PERO;O;10;Oil Palm;0,0154;0,007;0,455;0,0728
45_IC_OP_O;45;OP;PERO;O;10;Oil Palm;0,0128;0,0072;0,563;0,0748
45_IC_OP_O;45;OP;PERO;O;10;Oil Palm;0,0316;0,0104;0,329;0,1081
45_IC_OP_O;45;OP;PERO;O;10;Oil Palm;0,0875;0,0184;0,210;0,1912
45_IC_OP_O;45;OP;PERO;O;10;Oil Palm;0,2744;0,0737;0,269;0,7660
45_IC_OP_O;45;OP;PERO;O;10;Oil Palm;0,2328;0,079;0,339;0,8211
45_IC_OP_O;45;OP;PERO;O;10;Tree;0;0;;0,0000
45_IC_OP_O;45;OP;PERO;O;10;Tree;0;0;;0,0000
45_IC_OP_O;45;OP;PERO;O;10;Tree;0;0;;0,0000
45_IC_OP_O;45;OP;PERO;O;10;Tree;0;0;;0,0000
45_IC_OP_O;45;OP;PERO;O;10;Tree;0;0;;0,0000
45_IC_OP_O;45;OP;PERO;O;10;Tree;0;0;;0,0000
45_IC_OP_O;45;OP;PERO;O;10;Tree;0;0;;0,0000
45_IC_OP_O;45;OP;PERO;O;10;Tree;0;0;;0,0000
45_IC_OP_O;45;OP;PERO;O;10;Tree;0,0503;0,0113;0,225;0,1174
45_IC_OP_O;45;OP;PERO;O;10;Tree;0,0876;0,0236;0,269;0,2453
45_IC_OP_O;45;OP;PERO;O;10;Tree;0,1158;0,0333;0,288;0,3461
45_IC_OP_O;45;OP;PERO;O;10;Tree;0,2236;0,0348;0,156;0,3617
45_IC_OP_O;45;OP;PERO;O;30;Herba;0;0;;0,0000
45_IC_OP_O;45;OP;PERO;O;30;Herba;0,002;0,0003;0,150;0,0031
45_IC_OP_O;45;OP;PERO;O;30;Herba;0,0018;0,0006;0,333;0,0062
45_IC_OP_O;45;OP;PERO;O;30;Herba;0,0036;0,0011;0,306;0,0114
45_IC_OP_O;45;OP;PERO;O;30;Herba;0,0036;0,0013;0,361;0,0135
45_IC_OP_O;45;OP;PERO;O;30;Herba;0,0082;0,0014;0,171;0,0146
45_IC_OP_O;45;OP;PERO;O;30;Herba;0,0037;0,0018;0,486;0,0187
45_IC_OP_O;45;OP;PERO;O;30;Herba;0,0163;0,0026;0,160;0,0270
45_IC_OP_O;45;OP;PERO;O;30;Herba;0,0162;0,0043;0,265;0,0447
45_IC_OP_O;45;OP;PERO;O;30;Herba;0,041;0,0049;0,120;0,0509
45_IC_OP_O;45;OP;PERO;O;30;Herba;0,0252;0,005;0,198;0,0520
45_IC_OP_O;45;OP;PERO;O;30;Herba;0,0426;0,0079;0,185;0,0821
45_IC_OP_O;45;OP;PERO;O;30;Oil Palm;0;0;;0,0000
45_IC_OP_O;45;OP;PERO;O;30;Oil Palm;0,0015;0,0008;0,533;0,0083
45_IC_OP_O;45;OP;PERO;O;30;Oil Palm;0,0135;0,0054;0,400;0,0561
45_IC_OP_O;45;OP;PERO;O;30;Oil Palm;0,0156;0,0064;0,410;0,0665
45_IC_OP_O;45;OP;PERO;O;30;Oil Palm;0,0238;0,0066;0,277;0,0686
45_IC_OP_O;45;OP;PERO;O;30;Oil Palm;0,035;0,0113;0,323;0,1174
45_IC_OP_O;45;OP;PERO;O;30;Oil Palm;0,0333;0,0121;0,363;0,1258
45_IC_OP_O;45;OP;PERO;O;30;Oil Palm;0,0551;0,017;0,309;0,1767
45_IC_OP_O;45;OP;PERO;O;30;Oil Palm;0,0545;0,0175;0,321;0,1819
45_IC_OP_O;45;OP;PERO;O;30;Oil Palm;0,0972;0,0291;0,299;0,3025
45_IC_OP_O;45;OP;PERO;O;30;Oil Palm;0,1445;0,0383;0,265;0,3981
45_IC_OP_O;45;OP;PERO;O;30;Oil Palm;0,2146;0,051;0,238;0,5301
45_IC_OP_O;45;OP;PERO;O;30;Tree;0;0;;0,0000
45_IC_OP_O;45;OP;PERO;O;30;Tree;0;0;;0,0000
45_IC_OP_O;45;OP;PERO;O;30;Tree;0;0;;0,0000
45_IC_OP_O;45;OP;PERO;O;30;Tree;0;0;;0,0000
45_IC_OP_O;45;OP;PERO;O;30;Tree;0;0;;0,0000
45_IC_OP_O;45;OP;PERO;O;30;Tree;0;0;;0,0000
45_IC_OP_O;45;OP;PERO;O;30;Tree;0;0;;0,0000
45_IC_OP_O;45;OP;PERO;O;30;Tree;0;0;;0,0000
45_IC_OP_O;45;OP;PERO;O;30;Tree;0,0089;0,0024;0,270;0,0249
45_IC_OP_O;45;OP;PERO;O;30;Tree;0,0242;0,0082;0,339;0,0852
45_IC_OP_O;45;OP;PERO;O;30;Tree;0,1109;0,0235;0,212;0,2443
45_IC_OP_O;45;OP;PERO;O;30;Tree;0,2185;0,0392;0,179;0,4074
45_IC_OP_T;45;OP;PERO;T;10;Herba;0;0;;0,0000
45_IC_OP_T;45;OP;PERO;T;10;Herba;0;0;;0,0000
45_IC_OP_T;45;OP;PERO;T;10;Herba;0,0045;0,0025;0,556;0,0260
45_IC_OP_T;45;OP;PERO;T;10;Herba;0,0123;0,0026;0,211;0,0270
45_IC_OP_T;45;OP;PERO;T;10;Herba;0,0099;0,0032;0,323;0,0333
45_IC_OP_T;45;OP;PERO;T;10;Herba;0,0051;0,0036;0,706;0,0374
45_IC_OP_T;45;OP;PERO;T;10;Herba;0,0139;0,0049;0,353;0,0509
45_IC_OP_T;45;OP;PERO;T;10;Herba;0,0175;0,0054;0,309;0,0561
45_IC_OP_T;45;OP;PERO;T;10;Herba;0,044;0,0084;0,191;0,0873
45_IC_OP_T;45;OP;PERO;T;10;Herba;0,0524;0,0101;0,193;0,1050
45_IC_OP_T;45;OP;PERO;T;10;Herba;0,0455;0,0106;0,233;0,1102
45_IC_OP_T;45;OP;PERO;T;10;Herba;0,1069;0,0217;0,203;0,2255
45_IC_OP_T;45;OP;PERO;T;10;Oil Palm;0;0;;0,0000
45_IC_OP_T;45;OP;PERO;T;10;Oil Palm;0,0049;0,0024;0,490;0,0249
45_IC_OP_T;45;OP;PERO;T;10;Oil Palm;0,0056;0,0026;0,464;0,0270
45_IC_OP_T;45;OP;PERO;T;10;Oil Palm;0,0094;0,0033;0,351;0,0343
45_IC_OP_T;45;OP;PERO;T;10;Oil Palm;0,0096;0,0043;0,448;0,0447
45_IC_OP_T;45;OP;PERO;T;10;Oil Palm;0,0208;0,0105;0,505;0,1091
45_IC_OP_T;45;OP;PERO;T;10;Oil Palm;0,0325;0,0109;0,335;0,1133
45_IC_OP_T;45;OP;PERO;T;10;Oil Palm;0,0529;0,0154;0,291;0,1601
45_IC_OP_T;45;OP;PERO;T;10;Oil Palm;0,0645;0,0222;0,344;0,2307
45_IC_OP_T;45;OP;PERO;T;10;Oil Palm;0,0782;0,0294;0,376;0,3056
45_IC_OP_T;45;OP;PERO;T;10;Oil Palm;0,1478;0,0456;0,309;0,4740
45_IC_OP_T;45;OP;PERO;T;10;Oil Palm;0,3644;0,078;0,214;0,8107
45_IC_OP_T;45;OP;PERO;T;10;Tree;0;0;;0,0000
45_IC_OP_T;45;OP;PERO;T;10;Tree;0;0;;0,0000
45_IC_OP_T;45;OP;PERO;T;10;Tree;0;0;;0,0000
45_IC_OP_T;45;OP;PERO;T;10;Tree;0;0;;0,0000
45_IC_OP_T;45;OP;PERO;T;10;Tree;0;0;;0,0000
45_IC_OP_T;45;OP;PERO;T;10;Tree;0;0;;0,0000
45_IC_OP_T;45;OP;PERO;T;10;Tree;0;0;;0,0000
45_IC_OP_T;45;OP;PERO;T;10;Tree;0,0028;0,0003;0,107;0,0031
45_IC_OP_T;45;OP;PERO;T;10;Tree;0,0224;0,0075;0,335;0,0780
45_IC_OP_T;45;OP;PERO;T;10;Tree;0,0786;0,0148;0,188;0,1538
45_IC_OP_T;45;OP;PERO;T;10;Tree;0,1536;0,0329;0,214;0,3420
45_IC_OP_T;45;OP;PERO;T;10;Tree;0,3017;0,0579;0,192;0,6018
45_IC_OP_T;45;OP;PERO;T;30;Herba;0;0;;0,0000
45_IC_OP_T;45;OP;PERO;T;30;Herba;0;0;;0,0000
45_IC_OP_T;45;OP;PERO;T;30;Herba;0;0;;0,0000
45_IC_OP_T;45;OP;PERO;T;30;Herba;0;0;;0,0000
45_IC_OP_T;45;OP;PERO;T;30;Herba;0,0034;0,0007;0,206;0,0073
45_IC_OP_T;45;OP;PERO;T;30;Herba;0,0051;0,0008;0,157;0,0083
45_IC_OP_T;45;OP;PERO;T;30;Herba;0,0161;0,0036;0,224;0,0374
45_IC_OP_T;45;OP;PERO;T;30;Herba;0,0149;0,0041;0,275;0,0426
45_IC_OP_T;45;OP;PERO;T;30;Herba;0,0402;0,0054;0,134;0,0561
45_IC_OP_T;45;OP;PERO;T;30;Herba;0,0345;0,0093;0,270;0,0967
45_IC_OP_T;45;OP;PERO;T;30;Herba;0,0731;0,011;0,150;0,1143
45_IC_OP_T;45;OP;PERO;T;30;Herba;0,1977;0,0411;0,208;0,4272
45_IC_OP_T;45;OP;PERO;T;30;Oil Palm;0;0;;0,0000
45_IC_OP_T;45;OP;PERO;T;30;Oil Palm;0,0006;0,0004;0,667;0,0042
45_IC_OP_T;45;OP;PERO;T;30;Oil Palm;0,0037;0,0014;0,378;0,0146
45_IC_OP_T;45;OP;PERO;T;30;Oil Palm;0,0137;0,0022;0,161;0,0229
45_IC_OP_T;45;OP;PERO;T;30;Oil Palm;0,0103;0,0043;0,417;0,0447
45_IC_OP_T;45;OP;PERO;T;30;Oil Palm;0,0371;0,0124;0,334;0,1289
45_IC_OP_T;45;OP;PERO;T;30;Oil Palm;0,0868;0,0275;0,317;0,2858
45_IC_OP_T;45;OP;PERO;T;30;Oil Palm;0,1678;0,0443;0,264;0,4604
45_IC_OP_T;45;OP;PERO;T;30;Oil Palm;0,2177;0,0512;0,235;0,5322
45_IC_OP_T;45;OP;PERO;T;30;Oil Palm;0,2374;0,0743;0,313;0,7723
45_IC_OP_T;45;OP;PERO;T;30;Oil Palm;0,7887;0,1694;0,215;1,7607
45_IC_OP_T;45;OP;PERO;T;30;Oil Palm;0,6197;0,1721;0,278;1,7888
45_IC_OP_T;45;OP;PERO;T;30;Tree;0;0;;0,0000
45_IC_OP_T;45;OP;PERO;T;30;Tree;0;0;;0,0000
45_IC_OP_T;45;OP;PERO;T;30;Tree;0;0;;0,0000
45_IC_OP_T;45;OP;PERO;T;30;Tree;0;0;;0,0000
45_IC_OP_T;45;OP;PERO;T;30;Tree;0;0;;0,0000
45_IC_OP_T;45;OP;PERO;T;30;Tree;0;0;;0,0000
45_IC_OP_T;45;OP;PERO;T;30;Tree;0,006;0,0031;0,517;0,0322
45_IC_OP_T;45;OP;PERO;T;30;Tree;0,0158;0,0035;0,222;0,0364
45_IC_OP_T;45;OP;PERO;T;30;Tree;0,0254;0,0058;0,228;0,0603
45_IC_OP_T;45;OP;PERO;T;30;Tree;0,0332;0,0063;0,190;0,0655
45_IC_OP_T;45;OP;PERO;T;30;Tree;0,0321;0,0103;0,321;0,1071
45_IC_OP_T;45;OP;PERO;T;30;Tree;0,0393;0,0109;0,277;0,1133
49_IC_OS_M;49;OS;SO;M;10;Herba;0;0;;0,0000
49_IC_OS_M;49;OS;SO;M;10;Herba;0,0005;0,0003;0,600;0,0031
49_IC_OS_M;49;OS;SO;M;10;Herba;0,0273;0,0063;0,231;0,0655
49_IC_OS_M;49;OS;SO;M;10;Herba;0,0493;0,0134;0,272;0,1393
49_IC_OS_M;49;OS;SO;M;10;Oil Palm;0;0;;0,0000
49_IC_OS_M;49;OS;SO;M;10;Oil Palm;0;0;;0,0000
49_IC_OS_M;49;OS;SO;M;10;Oil Palm;0,0048;0,0035;0,729;0,0364
49_IC_OS_M;49;OS;SO;M;10;Oil Palm;0,1363;0,052;0,382;0,5405
49_IC_OS_M;49;OS;SO;M;10;Tree;0;0;;0,0000
49_IC_OS_M;49;OS;SO;M;10;Tree;0;0;;0,0000
49_IC_OS_M;49;OS;SO;M;10;Tree;0,0062;0,0023;0,371;0,0239
49_IC_OS_M;49;OS;SO;M;10;Tree;0,0055;0,0049;0,891;0,0509
49_IC_OS_M;49;OS;SO;M;30;Herba;0,0005;0,0003;0,600;0,0031
49_IC_OS_M;49;OS;SO;M;30;Herba;0,0014;0,0011;0,786;0,0114
49_IC_OS_M;49;OS;SO;M;30;Herba;0,0329;0,0092;0,280;0,0956
49_IC_OS_M;49;OS;SO;M;30;Herba;0,0433;0,0119;0,275;0,1237
49_IC_OS_M;49;OS;SO;M;30;Oil Palm;0,0018;0,0013;0,722;0,0135
49_IC_OS_M;49;OS;SO;M;30;Oil Palm;0,0043;0,0014;0,326;0,0146
49_IC_OS_M;49;OS;SO;M;30;Oil Palm;0,045;0,0108;0,240;0,1123
49_IC_OS_M;49;OS;SO;M;30;Oil Palm;0,0239;0,0128;0,536;0,1330
49_IC_OS_M;49;OS;SO;M;30;Tree;0;0;;0,0000
49_IC_OS_M;49;OS;SO;M;30;Tree;0;0;;0,0000
49_IC_OS_M;49;OS;SO;M;30;Tree;0;0;;0,0000
49_IC_OS_M;49;OS;SO;M;30;Tree;0;0;;0,0000
49_IC_OS_O;49;OS;SO;O;10;Herba;0;0;;0,0000
49_IC_OS_O;49;OS;SO;O;10;Herba;0,0071;0,0022;0,310;0,0229
49_IC_OS_O;49;OS;SO;O;10;Herba;0,0036;0,0025;0,694;0,0260
49_IC_OS_O;49;OS;SO;O;10;Herba;0,0187;0,0043;0,230;0,0447
49_IC_OS_O;49;OS;SO;O;10;Oil Palm;0;0;;0,0000
49_IC_OS_O;49;OS;SO;O;10;Oil Palm;0,0573;0,019;0,332;0,1975
49_IC_OS_O;49;OS;SO;O;10;Oil Palm;0,2941;0,0651;0,221;0,6766
49_IC_OS_O;49;OS;SO;O;10;Oil Palm;0,4188;0,1094;0,261;1,1371
49_IC_OS_O;49;OS;SO;O;10;Tree;0;0;;0,0000
49_IC_OS_O;49;OS;SO;O;10;Tree;0;0;;0,0000
49_IC_OS_O;49;OS;SO;O;10;Tree;0;0;;0,0000
49_IC_OS_O;49;OS;SO;O;10;Tree;0,0394;0,0092;0,234;0,0956
49_IC_OS_O;49;OS;SO;O;30;Herba;0;0;;0,0000
49_IC_OS_O;49;OS;SO;O;30;Herba;0,0005;0,0001;0,200;0,0010
49_IC_OS_O;49;OS;SO;O;30;Herba;0,0005;0,0001;0,200;0,0010
49_IC_OS_O;49;OS;SO;O;30;Herba;0,0013;0,0005;0,385;0,0052
49_IC_OS_O;49;OS;SO;O;30;Oil Palm;0,0639;0,0205;0,321;0,2131
49_IC_OS_O;49;OS;SO;O;30;Oil Palm;0,0861;0,0259;0,301;0,2692
49_IC_OS_O;49;OS;SO;O;30;Oil Palm;0,185;0,0557;0,301;0,5789
49_IC_OS_O;49;OS;SO;O;30;Oil Palm;0,3865;0,1032;0,267;1,0726
49_IC_OS_O;49;OS;SO;O;30;Tree;0;0;;0,0000
49_IC_OS_O;49;OS;SO;O;30;Tree;0;0;;0,0000
49_IC_OS_O;49;OS;SO;O;30;Tree;0;0;;0,0000
49_IC_OS_O;49;OS;SO;O;30;Tree;0,0066;0,003;0,455;0,0312
49_IC_OS_T;49;OS;SO;T;10;Herba;0;0;;0,0000
49_IC_OS_T;49;OS;SO;T;10;Herba;0,0163;0,0058;0,356;0,0603
49_IC_OS_T;49;OS;SO;T;10;Herba;0,021;0,0059;0,281;0,0613
49_IC_OS_T;49;OS;SO;T;10;Herba;0,0088;0,0066;0,750;0,0686
49_IC_OS_T;49;OS;SO;T;10;Oil Palm;0;0;;0,0000
49_IC_OS_T;49;OS;SO;T;10;Oil Palm;0;0;;0,0000
49_IC_OS_T;49;OS;SO;T;10;Oil Palm;0,002;0,0015;0,750;0,0156
49_IC_OS_T;49;OS;SO;T;10;Oil Palm;0,0675;0,0205;0,304;0,2131
49_IC_OS_T;49;OS;SO;T;10;Tree;0;0;;0,0000
49_IC_OS_T;49;OS;SO;T;10;Tree;0;0;;0,0000
49_IC_OS_T;49;OS;SO;T;10;Tree;0;0;;0,0000
49_IC_OS_T;49;OS;SO;T;10;Tree;0,0036;0,002;0,556;0,0208
49_IC_OS_T;49;OS;SO;T;30;Herba;0;0;;0,0000
49_IC_OS_T;49;OS;SO;T;30;Herba;0,0013;0,0002;0,154;0,0021
49_IC_OS_T;49;OS;SO;T;30;Herba;0,003;0,0014;0,467;0,0146
49_IC_OS_T;49;OS;SO;T;30;Herba;0,0031;0,0028;0,903;0,0291
49_IC_OS_T;49;OS;SO;T;30;Oil Palm;0,0072;0,003;0,417;0,0312
49_IC_OS_T;49;OS;SO;T;30;Oil Palm;0,0295;0,0105;0,356;0,1091
49_IC_OS_T;49;OS;SO;T;30;Oil Palm;0,0435;0,0228;0,524;0,2370
49_IC_OS_T;49;OS;SO;T;30;Oil Palm;0,1045;0,0356;0,341;0,3700
49_IC_OS_T;49;OS;SO;T;30;Tree;0;0;;0,0000
49_IC_OS_T;49;OS;SO;T;30;Tree;0;0;;0,0000
49_IC_OS_T;49;OS;SO;T;30;Tree;0,002;0,0017;0,850;0,0177
49_IC_OS_T;49;OS;SO;T;30;Tree;0,0225;0,0067;0,298;0,0696
53_IC_OO_M;53;OO;CTRL;M;10;Herba;0,1232;0,0202;0,164;0,2100
53_IC_OO_M;53;OO;CTRL;M;10;Herba;0,2531;0,0631;0,249;0,6558
53_IC_OO_M;53;OO;CTRL;M;10;Oil Palm;0,0059;0,0026;0,441;0,0270
53_IC_OO_M;53;OO;CTRL;M;10;Oil Palm;0,0180;0,0069;0,383;0,0717
53_IC_OO_M;53;OO;CTRL;M;10;Tree;0;0;;0,0000
53_IC_OO_M;53;OO;CTRL;M;10;Tree;0;0;;0,0000
53_IC_OO_M;53;OO;CTRL;M;30;Herba;0,0113;0,0030;0,265;0,0312
53_IC_OO_M;53;OO;CTRL;M;30;Herba;0,0573;0,0246;0,429;0,2557
53_IC_OO_M;53;OO;CTRL;M;30;Oil Palm;0,0554;0,0213;0,384;0,2214
53_IC_OO_M;53;OO;CTRL;M;30;Oil Palm;0,0944;0,0281;0,298;0,2921
53_IC_OO_M;53;OO;CTRL;M;30;Tree;0;0;;0,0000
53_IC_OO_M;53;OO;CTRL;M;30;Tree;0;0;;0,0000
53_IC_OO_O;53;OO;CTRL;O;10;Herba;0,0743;0,0138;0,186;0,1434
53_IC_OO_O;53;OO;CTRL;O;10;Herba;0,0779;0,0140;0,180;0,1455
53_IC_OO_O;53;OO;CTRL;O;10;Oil Palm;0,3572;0,0857;0,240;0,8907
53_IC_OO_O;53;OO;CTRL;O;10;Oil Palm;0,4690;0,1013;0,216;1,0529
53_IC_OO_O;53;OO;CTRL;O;10;Tree;0;0;;0,0000
53_IC_OO_O;53;OO;CTRL;O;10;Tree;0;0;;0,0000
53_IC_OO_O;53;OO;CTRL;O;30;Herba;0,0256;0,0069;0,270;0,0717
53_IC_OO_O;53;OO;CTRL;O;30;Herba;0,0545;0,0143;0,262;0,1486
53_IC_OO_O;53;OO;CTRL;O;30;Oil Palm;0,4152;0,1157;0,279;1,2026
53_IC_OO_O;53;OO;CTRL;O;30;Oil Palm;0,5262;0,1188;0,226;1,2348
53_IC_OO_O;53;OO;CTRL;O;30;Tree;0;0;;0,0000
53_IC_OO_O;53;OO;CTRL;O;30;Tree;0;0;;0,0000
53_IC_OO_T;53;OO;CTRL;T;10;Herba;0,1323;0,0209;0,158;0,2172
53_IC_OO_T;53;OO;CTRL;T;10;Herba;0,4041;0,0422;0,104;0,4386
53_IC_OO_T;53;OO;CTRL;T;10;Oil Palm;0,0084;0,0030;0,357;0,0312
53_IC_OO_T;53;OO;CTRL;T;10;Oil Palm;0,3022;0,0775;0,256;0,8055
53_IC_OO_T;53;OO;CTRL;T;10;Tree;0;0;;0,0000
53_IC_OO_T;53;OO;CTRL;T;10;Tree;0;0;;0,0000
53_IC_OO_T;53;OO;CTRL;T;30;Herba;0,0750;0,0130;0,173;0,1351
53_IC_OO_T;53;OO;CTRL;T;30;Herba;0,0652;0,0167;0,256;0,1736
53_IC_OO_T;53;OO;CTRL;T;30;Oil Palm;0,1031;0,0426;0,413;0,4428
53_IC_OO_T;53;OO;CTRL;T;30;Oil Palm;0,2157;0,0522;0,242;0,5426
53_IC_OO_T;53;OO;CTRL;T;30;Tree;0;0;;0,0000
53_IC_OO_T;53;OO;CTRL;T;30;Tree;0;0;;0,0000
54_IC_OO_M;54;OO;CTRL;M;10;Herba;0,1449;0,0225;0,155;0,2339
54_IC_OO_M;54;OO;CTRL;M;10;Oil Palm;0,0597;0,0171;0,286;0,1777
54_IC_OO_M;54;OO;CTRL;M;10;Tree;0;0;;0,0000
54_IC_OO_M;54;OO;CTRL;M;30;Herba;0,0169;0,0060;0,355;0,0624
54_IC_OO_M;54;OO;CTRL;M;30;Oil Palm;0,0638;0,0190;0,298;0,1975
54_IC_OO_M;54;OO;CTRL;M;30;Tree;0;0;;0,0000
54_IC_OO_O;54;OO;CTRL;O;10;Herba;0,5249;0,0704;0,134;0,7317
54_IC_OO_O;54;OO;CTRL;O;10;Oil Palm;0,0710;0,0194;0,273;0,2016
54_IC_OO_O;54;OO;CTRL;O;10;Tree;0;0;;0,0000
54_IC_OO_O;54;OO;CTRL;O;30;Herba;0,1269;0,0115;0,091;0,1195
54_IC_OO_O;54;OO;CTRL;O;30;Oil Palm;0,0719;0,0195;0,271;0,2027
54_IC_OO_O;54;OO;CTRL;O;30;Tree;0;0;;0,0000
54_IC_OO_T;54;OO;CTRL;T;10;Herba;0,2740;0,0359;0,131;0,3731
54_IC_OO_T;54;OO;CTRL;T;10;Oil Palm;0,2899;0,0704;0,243;0,7317
54_IC_OO_T;54;OO;CTRL;T;10;Tree;0;0;;0,0000
54_IC_OO_T;54;OO;CTRL;T;30;Herba;0,0322;0,0054;0,168;0,0561
54_IC_OO_T;54;OO;CTRL;T;30;Oil Palm;0,7240;0,1337;0,185;1,3897
54_IC_OO_T;54;OO;CTRL;T;30;Tree;0;0;;0,0000
55_IC_OO_M;55;OO;CTRL;M;10;Herba;0,3030;0,0613;0,202;0,6371
55_IC_OO_M;55;OO;CTRL;M;10;Oil Palm;0;0;;0,0000
55_IC_OO_M;55;OO;CTRL;M;10;Tree;0;0;;0,0000
55_IC_OO_M;55;OO;CTRL;M;30;Herba;0,0195;0,0063;0,323;0,0655
55_IC_OO_M;55;OO;CTRL;M;30;Oil Palm;0,0081;0,0036;0,444;0,0374
55_IC_OO_M;55;OO;CTRL;M;30;Tree;0;0;;0,0000
55_IC_OO_O;55;OO;CTRL;O;10;Herba;0,0124;0,0105;0,847;0,1091
55_IC_OO_O;55;OO;CTRL;O;10;Oil Palm;0,0149;0,0095;0,638;0,0987
55_IC_OO_O;55;OO;CTRL;O;10;Tree;0;0;;0,0000
55_IC_OO_O;55;OO;CTRL;O;30;Herba;0,0005;0,0003;0,600;0,0031
55_IC_OO_O;55;OO;CTRL;O;30;Oil Palm;0,2181;0,0687;0,315;0,7141
55_IC_OO_O;55;OO;CTRL;O;30;Tree;0,0431;0,0188;0,436;0,1954
55_IC_OO_T;55;OO;CTRL;T;10;Herba;0,0430;0,0059;0,137;0,0613
55_IC_OO_T;55;OO;CTRL;T;10;Oil Palm;0,4490;0,1021;0,227;1,0612
55_IC_OO_T;55;OO;CTRL;T;10;Tree;0;0;;0,0000
55_IC_OO_T;55;OO;CTRL;T;30;Herba;0,0063;0,0016;0,254;0,0166
55_IC_OO_T;55;OO;CTRL;T;30;Oil Palm;0,0360;0,0098;0,272;0,1019
55_IC_OO_T;55;OO;CTRL;T;30;Tree;0;0;;0,0000